,Participant,protocol,device,D,ID,W,MT,xT,yT,x_end,y_end,x0,y0
0,830891,pvp,controller,19.0,3.9341120643435428,1.33,1.8527655601501465,135.47,68.4,135.9990677238781,68.0637274458022,130.06021395087117,86.7762827569356
1,830891,pvp,controller,19.0,3.9341120643435428,1.33,5.107073783874512,142.785,50.825,143.39429269288405,50.77319514063842,135.9990677238781,68.0637274458022
2,830891,pvp,controller,19.0,3.9341120643435428,1.33,8.278298616409302,127.3,61.845,127.38677066638283,61.73461074886432,143.39429269288405,50.77319514063842
3,830891,pvp,controller,19.0,3.9341120643435428,1.33,15.223851919174194,142.31,50.255,142.57462818522674,50.4693020052174,127.38677066638283,61.73461074886432
4,830891,pvp,controller,19.0,3.9341120643435428,1.33,8.916641235351562,127.87,62.605000000000004,127.71463673975067,62.89651008804634,142.57462818522674,50.4693020052174
5,830891,pvp,controller,19.0,3.9341120643435428,1.33,4.492089509963989,114.76,76.285,115.13161695908134,75.78385692249721,127.71463673975067,62.89651008804634
6,830891,pvp,controller,19.0,3.9341120643435428,1.33,4.648386001586914,109.155,94.43,109.03757707409142,94.23462700462794,115.13161695908134,75.78385692249721
7,830891,pvp,controller,19.0,3.9341120643435428,1.33,7.1850950717926025,125.59,84.83500000000001,125.47186945081478,84.62674430176754,109.03757707409142,94.23462700462794
8,830891,pvp,controller,19.0,3.9341120643435428,1.33,5.412823915481567,141.55,74.575,141.2121275754662,74.17960467650441,125.47186945081478,84.62674430176754
9,830891,pvp,controller,19.0,3.9341120643435428,1.33,4.800086259841919,126.635,62.7,126.47437660812896,62.041783471327044,141.2121275754662,74.17960467650441
10,830891,pvp,controller,19.0,3.9341120643435428,1.33,10.266218423843384,120.65,44.65,120.52185678328613,45.283163404767556,126.47437660812896,62.07589254541116
11,830891,pvp,controller,19.0,3.9341120643435428,1.33,2.1825010776519775,110.39,60.61,110.08491806456357,61.16376932236377,120.52185678328613,45.283163404767556
12,830891,pvp,controller,19.0,3.9341120643435428,1.33,4.843952655792236,121.315,45.03,120.6985087832157,45.143292976652134,110.08491806456357,61.16376932236377
13,830891,pvp,controller,19.0,3.9341120643435428,1.33,30.365331172943115,123.97500000000001,63.745,124.53471007541305,63.98797911565233,120.71939384652327,45.04280118083059
14,830891,pvp,controller,19.0,3.9341120643435428,1.33,6.658864974975586,122.075,44.745,122.21551794983378,44.196878482024104,124.53471007541305,63.98797911565233
15,830891,pvp,controller,19.0,3.9341120643435428,1.33,19.400012969970703,138.035,34.485,137.97163754728868,33.98414290569067,122.21551794983378,44.196878482024104
16,830891,pvp,controller,19.0,3.9341120643435428,1.33,3.9827914237976074,149.055,19.0,148.80467848609695,18.50101183017974,137.97163754728868,33.98414290569067
17,830891,pvp,controller,19.0,3.9341120643435428,1.33,4.454179286956787,152.475,37.62,152.12156962812216,37.81911571188497,148.80467848609695,18.50101183017974
18,830891,pvp,controller,19.0,3.9341120643435428,1.33,2.7893340587615967,142.69,21.28,142.56525372247026,21.126788663620815,152.12156962812216,37.81911571188497
19,830891,pvp,controller,19.0,3.9341120643435428,1.33,2.122626781463623,158.555,10.83,158.25372159711384,10.252860000954257,142.56525372247026,21.126788663620815
20,830891,pvp,controller,110.2,6.389861771052448,1.33,2.8062310218811035,220.59,23.94,221.0072146279615,23.82428394924661,129.79155342882922,86.73504371864942
21,830891,pvp,controller,110.2,6.389861771052448,1.33,4.483084678649902,185.915,128.535,186.26797929317516,128.72305905488395,221.0072146279615,23.82428394924661
22,830891,pvp,controller,110.2,6.389861771052448,1.33,10.432064294815063,77.33,109.535,77.76600045426146,109.09323545259777,186.26797929317516,128.72305905488395
23,830891,pvp,controller,110.2,6.389861771052448,1.33,5.473080635070801,141.26500000000001,19.76,141.51345545094105,20.339841084437175,77.76600045426146,109.09323545259777
24,830891,pvp,controller,110.2,6.389861771052448,1.33,2.8875319957733154,74.48,107.44500000000001,74.34356432821566,107.59452974590113,141.51345545094105,20.339841084437175
25,830891,pvp,controller,110.2,6.389861771052448,1.33,2.6187710762023926,130.53,12.540000000000001,130.20475279140112,12.842439046135391,74.34356432821566,107.54617223046317
26,830891,pvp,controller,110.2,6.389861771052448,1.33,5.180523633956909,104.785,119.605,105.31872798659646,119.66141428289387,130.20475279140112,12.842439046135391
27,830891,pvp,controller,110.2,6.389861771052448,1.33,5.5941245555877686,95.095,9.785,95.14833849195166,9.978818643448957,105.31872798659646,119.66141428289387
28,830891,pvp,controller,110.2,6.389861771052448,1.33,4.327892065048218,166.915,93.29,167.22496491913418,93.81897478098641,95.14833849195166,9.978818643448957
29,830891,pvp,controller,110.2,6.389861771052448,1.33,3.568307399749756,57.76,108.965,57.33239585824281,109.1070724040937,167.22496491913418,93.81897478098641
30,830891,pvp,controller,110.2,6.389861771052448,1.33,3.2252941131591797,95.285,5.32,95.49524305557301,4.766951869981003,57.33239585824281,109.1070724040937
31,830891,pvp,controller,110.2,6.389861771052448,1.33,1.4623212814331055,197.79,45.6,197.30635498187024,46.048142640639625,95.49524305557301,4.766951869981003
32,830891,pvp,controller,110.2,6.389861771052448,1.33,9.187370538711548,194.56,155.705,194.46687669293837,156.0438672171459,197.30635498187024,46.048142640639625
33,830891,pvp,controller,110.2,6.389861771052448,1.33,6.651525974273682,85.69,138.32,85.75766534084416,138.2515510141261,194.46687669293837,156.0438672171459
34,830891,pvp,controller,110.2,6.389861771052448,1.33,16.347164392471313,21.47,48.735,21.604514058405176,48.17379758967415,85.75766534084416,138.2515510141261
35,830891,pvp,controller,110.2,6.389861771052448,1.33,9.051266431808472,130.72,34.58,130.94901770440595,34.287351214283795,21.604514058405176,48.17379758967415
36,830891,pvp,controller,110.2,6.389861771052448,1.33,2.864849805831909,238.83,55.67,238.80415884789275,56.10989704626851,130.94901770440595,34.287351214283795
37,830891,pvp,controller,110.2,6.389861771052448,1.33,2.1984338760375977,214.7,163.21,214.3062797756168,163.48753057194153,238.80415884789275,56.10989704626851
38,830891,pvp,controller,110.2,6.389861771052448,1.33,6.598520040512085,120.27,106.21000000000001,120.45899108709649,106.11801914193835,214.3062797756168,163.48753057194153
39,830891,pvp,controller,110.2,6.389861771052448,1.33,3.3895561695098877,11.495000000000001,88.255,11.47222450034499,88.26523520937079,120.45899108709649,106.11801914193835
40,830891,pvp,controller,133.0,6.6582114827517955,1.33,3.8470265865325928,13.395,150.76500000000001,13.404990010992796,151.22556583502526,130.02078038175188,86.60213075682454
41,830891,pvp,controller,133.0,6.6582114827517955,1.33,3.472675323486328,65.55,28.405,65.73543720479596,27.924550144892013,13.404990010992796,151.22556583502526
42,830891,pvp,controller,133.0,6.6582114827517955,1.33,6.66620135307312,197.41,11.305,197.1978536492965,11.348820235024077,65.73543720479596,27.924550144892013
43,830891,pvp,controller,133.0,6.6582114827517955,1.33,8.422182083129883,91.295,91.485,90.85076575457654,91.14055719493484,197.1978536492965,11.348820235024077
44,830891,pvp,controller,133.0,6.6582114827517955,1.33,3.855607748031616,223.725,79.61,223.68100982317296,78.98196500634941,90.88702923057058,91.14055719493484
45,830891,pvp,controller,133.0,6.6582114827517955,1.33,5.630180358886719,98.8,125.4,98.97759905613488,125.16295703416402,223.68100982317296,78.98196500634941
46,830891,pvp,controller,133.0,6.6582114827517955,1.33,2.9488258361816406,212.51500000000001,56.43,212.4452792927214,56.42267206998725,98.97759905613488,125.16295703416402
47,830891,pvp,controller,133.0,6.6582114827517955,1.33,4.1452038288116455,97.85,123.88,97.96278883920891,123.37171295087167,212.4452792927214,56.42267206998725
48,830891,pvp,controller,133.0,6.6582114827517955,1.33,5.2791454792022705,28.405,10.355,28.83399933444636,10.620786497417388,97.96278883920891,123.37171295087167
49,830891,pvp,controller,133.0,6.6582114827517955,1.33,18.170894145965576,152.76,57.38,152.629927865382,56.97049994745081,28.83399933444636,10.600902144143115
50,830891,pvp,controller,133.0,6.6582114827517955,1.33,3.5635814666748047,57.38,150.1,57.14189560511339,149.66725115808669,152.629927865382,56.97049994745081
51,830891,pvp,controller,133.0,6.6582114827517955,1.33,4.124098777770996,174.51500000000001,87.21000000000001,174.45884045453317,86.92683516929026,57.14189560511339,149.66725115808669
52,830891,pvp,controller,133.0,6.6582114827517955,1.33,7.025771379470825,47.31,126.16,47.303258404813185,126.43776707897683,174.45884045453317,86.92683516929026
53,830891,pvp,controller,133.0,6.6582114827517955,1.33,10.476024866104126,142.69,33.535000000000004,142.55690670397092,33.48530836898413,47.32350145531741,126.41385404782578
54,830891,pvp,controller,133.0,6.6582114827517955,1.33,7.439742088317871,247.76,114.95,247.38615789010802,115.0498088591392,142.55690670397092,33.48530836898413
55,830891,pvp,controller,133.0,6.6582114827517955,1.33,2.6405985355377197,115.9,132.335,115.44196571860616,132.14795406079838,247.38615789010802,115.0498088591392
56,830891,pvp,controller,133.0,6.6582114827517955,1.33,4.873855352401733,62.795,10.355,63.0961243783872,9.877574284881629,115.44196571860616,132.14795406079838
57,830891,pvp,controller,133.0,6.6582114827517955,1.33,3.5850491523742676,194.75,26.79,194.76248114478898,26.35578143987948,63.0961243783872,9.877574284881629
58,830891,pvp,controller,133.0,6.6582114827517955,1.33,6.0123889446258545,207.385,159.125,207.4691612697215,159.25906634493452,194.76248114478898,26.35578143987948
59,830891,pvp,controller,133.0,6.6582114827517955,1.33,4.529523611068726,74.765,148.105,74.2959560044657,148.3995059822947,207.4691612697215,159.25906634493452
60,830891,pvp,controller,64.6,5.631436930520657,1.33,5.661687135696411,137.085,150.76500000000001,136.92249310225336,150.3663172891893,129.45711125964488,87.01825687380692
61,830891,pvp,controller,64.6,5.631436930520657,1.33,5.211978435516357,194.085,120.365,193.8741807710915,120.10082366364414,136.92249310225336,150.3663172891893
62,830891,pvp,controller,64.6,5.631436930520657,1.33,3.1030335426330566,244.15,161.12,244.25032615869986,160.77023282728146,193.8741807710915,120.10082366364414
63,830891,pvp,controller,64.6,5.631436930520657,1.33,1.5599291324615479,179.835,154.755,179.53853169148817,154.77791778599433,244.25032615869986,160.77023282728146
64,830891,pvp,controller,64.6,5.631436930520657,1.33,3.0147345066070557,116.185,143.26,116.09497965745018,142.64200782137019,179.53853169148817,154.77791778599433
65,830891,pvp,controller,64.6,5.631436930520657,1.33,5.151880741119385,52.82,155.99,52.4922330652661,155.45828676748118,116.09497965745018,142.64200782137019
66,830891,pvp,controller,64.6,5.631436930520657,1.33,3.2172226905822754,24.605,97.85,24.812220543060924,97.45605689378183,52.4922330652661,155.45828676748118
67,830891,pvp,controller,64.6,5.631436930520657,1.33,5.7739808559417725,46.17,36.955,45.74536898116175,36.678086731114725,24.812220543060924,97.45605689378183
68,830891,pvp,controller,64.6,5.631436930520657,1.33,5.587315559387207,110.675,37.905,110.32286009340051,38.08394760783779,45.74536898116175,36.678086731114725
69,830891,pvp,controller,64.6,5.631436930520657,1.33,2.7974889278411865,65.265,83.79,65.47333088015927,83.97266726736157,110.32286009340051,38.08394760783779
70,830891,pvp,controller,64.6,5.631436930520657,1.33,8.541689157485962,91.39,142.785,91.39036136679763,142.64247998929983,65.47333088015927,83.97266726736157
71,830891,pvp,controller,64.6,5.631436930520657,1.33,4.776228189468384,26.79,139.84,26.668587332818223,139.64123449740492,91.39036136679763,142.64247998929983
72,830891,pvp,controller,64.6,5.631436930520657,1.33,3.7657387256622314,9.31,77.615,9.324454798320595,77.3145615195299,26.668587332818223,139.64123449740492
73,830891,pvp,controller,64.6,5.631436930520657,1.33,4.18412446975708,24.415,14.725,24.331028283683455,14.754654241332746,9.324454798320595,77.3145615195299
74,830891,pvp,controller,64.6,5.631436930520657,1.33,4.056050062179565,88.635,8.075,89.12736353095437,7.695886221291924,24.331028283683455,14.754654241332746
75,830891,pvp,controller,64.6,5.631436930520657,1.33,6.322940349578857,41.515,52.25,41.4755614454541,51.73130290956663,89.12736353095437,7.695886221291924
76,830891,pvp,controller,64.6,5.631436930520657,1.33,2.542454957962036,54.15,115.52,54.3644883427222,115.99679303360446,41.4755614454541,51.73130290956663
77,830891,pvp,controller,64.6,5.631436930520657,1.33,10.842352867126465,11.78,66.69,11.791476377381613,66.12531747477358,54.3644883427222,115.99679303360446
78,830891,pvp,controller,64.6,5.631436930520657,1.33,12.351834297180176,57.665,21.185,57.53806280451298,21.460760976418847,11.791476377381613,66.12531747477358
79,830891,pvp,controller,64.6,5.631436930520657,1.33,3.817094564437866,120.27,5.51,120.06408163796519,5.143528827238291,57.53806280451298,21.460760976418847
80,830891,pvp,controller,41.8,5.01919356523331,1.33,3.097358226776123,115.235,47.5,115.31293190022285,47.09626587064069,129.65684425333765,86.17797440783387
81,830891,pvp,controller,41.8,5.01919356523331,1.33,3.809053421020508,83.22,74.48,83.24792135325664,74.79718583705916,115.31293190022285,47.09626587064069
82,830891,pvp,controller,41.8,5.01919356523331,1.33,1.725235939025879,48.26,51.395,48.1187654275572,50.955366444418985,83.24792135325664,74.79718583705916
83,830891,pvp,controller,41.8,5.01919356523331,1.33,4.17707633972168,8.645,64.79,9.005770360673594,65.09842031780367,48.1187654275572,50.955366444418985
84,830891,pvp,controller,41.8,5.01919356523331,1.33,7.602659463882446,47.595,79.895,47.24696828652912,79.38621929552045,9.005770360673594,65.09842031780367
85,830891,pvp,controller,41.8,5.01919356523331,1.33,15.688552856445312,48.83,38.095,49.05488446918649,37.65782936656842,47.24696828652912,79.38621929552045
86,830891,pvp,controller,41.8,5.01919356523331,1.33,5.0027992725372314,35.245,77.615,35.875686905209015,77.77955199379228,49.05488446918649,37.65782936656842
87,830891,pvp,controller,41.8,5.01919356523331,1.33,3.358595848083496,7.315,46.455,7.713119198255387,46.91645711970732,35.875686905209015,77.77955199379228
88,830891,pvp,controller,41.8,5.01919356523331,1.33,2.6474783420562744,37.905,17.955000000000002,37.92220701565837,18.20519250323106,7.713119198255387,46.91645711970732
89,830891,pvp,controller,41.8,5.01919356523331,1.33,3.300524950027466,79.04,10.925,79.17462535334373,10.72887857285223,37.92220701565837,18.20519250323106
90,830891,pvp,controller,41.8,5.01919356523331,1.33,4.207179307937622,119.13,22.515,119.02957582682802,22.913686754511904,79.17462535334373,10.72887857285223
91,830891,pvp,controller,41.8,5.01919356523331,1.33,11.93797755241394,149.91,50.635,149.8222262770624,50.75010901918879,119.02957582682802,22.913686754511904
92,830891,pvp,controller,41.8,5.01919356523331,1.33,10.297181129455566,189.525,63.745,189.37982151505145,63.12328770912889,149.8222262770624,50.75010901918879
93,830891,pvp,controller,41.8,5.01919356523331,1.33,8.083154678344727,201.59,103.74,201.3813205838087,103.42466901749678,189.37982151505145,63.12328770912889
94,830891,pvp,controller,41.8,5.01919356523331,1.33,6.411596059799194,159.79,105.26,159.8414351773983,104.84437048487014,201.3813205838087,103.42466901749678
95,830891,pvp,controller,41.8,5.01919356523331,1.33,1.8446500301361084,157.985,146.965,157.74926094030747,146.87044211108565,159.8414351773983,104.84437048487014
96,830891,pvp,controller,41.8,5.01919356523331,1.33,2.8955695629119873,129.105,116.66,129.2495368193803,116.31762926358967,157.74926094030747,146.87044211108565
97,830891,pvp,controller,41.8,5.01919356523331,1.33,3.6958167552948,97.565,89.11,97.17309706769815,89.07145330620153,129.2495368193803,116.31762926358967
98,830891,pvp,controller,41.8,5.01919356523331,1.33,6.607648611068726,91.39,130.435,91.52574227023518,130.51598886820594,97.17309706769815,89.07145330620153
99,830891,pvp,controller,41.8,5.01919356523331,1.33,4.237102270126343,57.76,155.23,57.71259319651047,155.64507317388862,91.52574227023518,130.51598886820594
100,830891,pvp,controller,87.4,6.0599238176520585,1.33,4.266601800918579,73.91,19.475,73.36118602154197,19.46829269909316,130.07322105798423,86.04295100591732
101,830891,pvp,controller,87.4,6.0599238176520585,1.33,10.47591233253479,159.6,36.480000000000004,159.435495096679,35.90271764561977,73.36118602154197,19.46829269909316
102,830891,pvp,controller,87.4,6.0599238176520585,1.33,4.658149719238281,241.205,5.13,241.3083905811974,4.90510249359559,159.435495096679,35.90271764561977
103,830891,pvp,controller,87.4,6.0599238176520585,1.33,3.2611613273620605,212.51500000000001,87.685,212.92630951056353,87.61048811354807,241.3083905811974,4.90510249359559
104,830891,pvp,controller,87.4,6.0599238176520585,1.33,3.9079055786132812,160.455,157.89000000000001,160.48500122155735,157.79446139336366,212.92630951056353,87.61048811354807
105,830891,pvp,controller,87.4,6.0599238176520585,1.33,2.7211852073669434,110.865,85.88,110.90820825661588,85.55835624930555,160.48500122155735,157.79446139336366
106,830891,pvp,controller,87.4,6.0599238176520585,1.33,6.696441173553467,27.075,110.865,27.094111488152578,111.23811934470831,110.90820825661588,85.55835624930555
107,830891,pvp,controller,87.4,6.0599238176520585,1.33,11.345870733261108,57.285000000000004,28.785,57.0709856906307,28.780360903578135,27.094111488152578,111.23811934470831
108,830891,pvp,controller,87.4,6.0599238176520585,1.33,2.2648167610168457,141.075,53.485,140.75884966464406,53.37459308064497,57.0709856906307,28.780360903578135
109,830891,pvp,controller,87.4,6.0599238176520585,1.33,1.9281649589538574,216.79,9.975,217.21269464023806,9.598293320001005,140.75884966464406,53.37459308064497
110,830891,pvp,controller,87.4,6.0599238176520585,1.33,5.31709623336792,146.965,62.51,146.4465612001828,62.120180543254364,217.21269464023806,9.598293320001005
111,830891,pvp,controller,87.4,6.0599238176520585,1.33,7.619244575500488,233.035,47.595,232.99389852502134,47.29533704690611,146.4465612001828,62.120180543254364
112,830891,pvp,controller,87.4,6.0599238176520585,1.33,4.319063425064087,225.245,134.615,225.82152807048243,134.3632373397494,232.99389852502134,47.29533704690611
113,830891,pvp,controller,87.4,6.0599238176520585,1.33,3.8613333702087402,142.975,164.16,142.92538341710764,163.67922195657712,225.82152807048243,134.3632373397494
114,830891,pvp,controller,87.4,6.0599238176520585,1.33,2.384659767150879,58.425,141.93,58.253467704483384,142.37816434045914,142.92538341710764,163.67922195657712
115,830891,pvp,controller,87.4,6.0599238176520585,1.33,2.002946376800537,66.025,54.815,66.01172988956735,55.2622927160055,58.253467704483384,142.37816434045914
116,830891,pvp,controller,87.4,6.0599238176520585,1.33,2.7824995517730713,152.38,41.325,153.01872178877903,41.354820312291615,66.01172988956735,55.2622927160055
117,830891,pvp,controller,87.4,6.0599238176520585,1.33,3.741694927215576,239.495,48.165,239.75315579529493,47.79292429960701,153.01872178877903,41.354820312291615
118,830891,pvp,controller,87.4,6.0599238176520585,1.33,3.112419843673706,247.76,135.09,248.31125663077202,135.36165099236422,239.75315579529493,47.79292429960701
119,830891,pvp,controller,87.4,6.0599238176520585,1.33,8.570961236953735,162.07,152.38,161.87274290398844,151.8436026719517,248.31125663077202,135.36165099236422
120,830891,fitts,mouse,19.0,1.3856536924977498,11.78,1.1590325832366943,119.795,88.16,119.32000000000001,88.255,138.7,86.83
121,830891,fitts,mouse,19.0,1.3856536924977498,11.78,0.7597253322601318,137.75,84.075,136.23,87.4,119.32000000000001,88.255
122,830891,fitts,mouse,19.0,1.3856536924977498,11.78,1.1354155540466309,118.56,94.33500000000001,117.895,93.1,136.23,87.4
123,830891,fitts,mouse,19.0,1.3856536924977498,11.78,0.832902193069458,134.33,83.6,130.53,85.5,117.895,93.1
124,830891,fitts,mouse,19.0,1.3856536924977498,11.78,0.6637921333312988,115.71000000000001,97.375,114.665,95.665,130.53,85.5
125,830891,fitts,mouse,19.0,1.3856536924977498,11.78,0.6873631477355957,127.58500000000001,81.7,125.4,83.79,114.665,95.665
126,830891,fitts,mouse,19.0,1.3856536924977498,11.78,0.761054515838623,114.76,99.465,116.85,96.995,125.4,83.79
127,830891,fitts,mouse,19.0,1.3856536924977498,11.78,0.7026772499084473,125.02,79.895,122.83500000000001,81.605,116.85,96.995
128,830891,fitts,mouse,19.0,1.3856536924977498,11.78,0.5697009563446045,117.23,99.75,119.605,97.375,122.83500000000001,81.605
129,830891,fitts,mouse,19.0,1.3856536924977498,11.78,0.5677344799041748,122.455,78.66,123.025,80.94,119.605,97.375
130,830891,fitts,mouse,19.0,1.3856536924977498,11.78,0.6702742576599121,123.025,99.845,124.925,101.745,123.025,80.94
131,830891,fitts,mouse,19.0,1.3856536924977498,11.78,0.5052800178527832,122.075,83.03,123.785,81.51,124.925,101.745
132,830891,fitts,mouse,19.0,1.3856536924977498,11.78,3.967223644256592,129.39000000000001,99.655,128.915,101.365,123.785,81.51
133,830891,fitts,mouse,19.0,1.3856536924977498,11.78,1.096092939376831,120.745,84.265,122.55,79.895,128.915,101.365
134,830891,fitts,mouse,19.0,1.3856536924977498,11.78,0.8238210678100586,133.19,95.57000000000001,133.095,94.81,122.55,79.895
135,830891,fitts,mouse,19.0,1.3856536924977498,11.78,0.6894769668579102,120.175,80.845,122.265,82.555,133.095,94.81
136,830891,fitts,mouse,19.0,1.3856536924977498,11.78,0.6952753067016602,137.085,94.43,136.8,98.42,122.265,82.555
137,830891,fitts,mouse,19.0,1.3856536924977498,11.78,0.6637744903564453,120.365,88.92,119.7,84.55,136.8,98.42
138,830891,fitts,mouse,19.0,1.3856536924977498,11.78,0.5518085956573486,137.37,91.485,138.51,93.385,119.7,84.55
139,830891,fitts,mouse,19.0,1.3856536924977498,11.78,0.45657873153686523,120.08,89.205,119.32000000000001,87.115,138.51,93.385
140,830891,fitts,mouse,110.2,3.7958592832197744,8.55,0.9363853931427002,76.57000000000001,75.145,79.04,72.105,186.2,83.41
141,830891,fitts,mouse,110.2,3.7958592832197744,8.55,1.0077221393585205,186.2,96.52,184.965,99.08500000000001,79.04,72.105
142,830891,fitts,mouse,110.2,3.7958592832197744,8.55,0.8253352642059326,82.65,58.995,85.5,57.285000000000004,184.965,99.08500000000001
143,830891,fitts,mouse,110.2,3.7958592832197744,8.55,0.9665722846984863,180.69,112.19500000000001,180.88,112.86,85.5,57.285000000000004
144,830891,fitts,mouse,110.2,3.7958592832197744,8.55,0.9294273853302002,94.905,44.365,95.0,44.935,180.88,112.86
145,830891,fitts,mouse,110.2,3.7958592832197744,8.55,0.9614174365997314,169.86,125.495,170.525,122.36,95.095,44.935
146,830891,fitts,mouse,110.2,3.7958592832197744,8.55,1.1254749298095703,108.68,31.54,107.54,32.015,170.525,122.36
147,830891,fitts,mouse,110.2,3.7958592832197744,8.55,1.1292791366577148,155.325,130.91,152.76,127.49,107.73,31.92
148,830891,fitts,mouse,110.2,3.7958592832197744,8.55,1.1591956615447998,120.365,22.515,122.645,20.995,152.76,127.49
149,830891,fitts,mouse,110.2,3.7958592832197744,8.55,1.0869033336639404,139.08,129.675,139.365,129.865,122.645,20.995
150,830891,fitts,mouse,110.2,3.7958592832197744,8.55,1.0041182041168213,139.365,19.95,137.75,19.57,139.365,129.865
151,830891,fitts,mouse,110.2,3.7958592832197744,8.55,1.0223753452301025,121.315,128.25,121.69500000000001,124.545,137.75,19.57
152,830891,fitts,mouse,110.2,3.7958592832197744,8.55,1.0391879081726074,154.09,19.57,152.855,20.995,121.69500000000001,124.545
153,830891,fitts,mouse,110.2,3.7958592832197744,8.55,0.7621123790740967,105.26,119.985,102.98,118.275,152.855,20.995
154,830891,fitts,mouse,110.2,3.7958592832197744,8.55,0.8707897663116455,164.825,27.455000000000002,162.83,30.875,102.98,118.275
155,830891,fitts,mouse,110.2,3.7958592832197744,8.55,0.9609599113464355,88.065,111.435,88.065,115.045,162.83,30.875
156,830891,fitts,mouse,110.2,3.7958592832197744,8.55,0.7437481880187988,174.04,46.55,172.04500000000002,50.160000000000004,88.065,115.045
157,830891,fitts,mouse,110.2,3.7958592832197744,8.55,0.8245463371276855,76.855,105.07000000000001,74.765,105.545,172.04500000000002,50.160000000000004
158,830891,fitts,mouse,110.2,3.7958592832197744,8.55,0.9113199710845947,177.27,65.455,176.605,64.41,75.05,105.545
159,830891,fitts,mouse,110.2,3.7958592832197744,8.55,0.6628646850585938,69.54,88.825,70.775,86.165,176.7,64.41
160,830891,fitts,mouse,64.6,5.27715822476734,1.71,0.9274923801422119,98.8,92.055,99.18,91.105,163.115,87.305
161,830891,fitts,mouse,64.6,5.27715822476734,1.71,0.7599453926086426,161.975,76.76,161.5,77.9,99.18,91.105
162,830891,fitts,mouse,64.6,5.27715822476734,1.71,1.223569631576538,101.555,101.46000000000001,106.875,99.75,161.5,77.9
163,830891,fitts,mouse,64.6,5.27715822476734,1.71,0.7598936557769775,162.64000000000001,67.545,163.21,66.785,106.875,99.75
164,830891,fitts,mouse,64.6,5.27715822476734,1.71,0.7840464115142822,112.86,106.97,113.525,109.155,163.21,66.785
165,830891,fitts,mouse,64.6,5.27715822476734,1.71,0.887523889541626,157.32,61.94,157.415,62.13,113.525,109.155
166,830891,fitts,mouse,64.6,5.27715822476734,1.71,0.6738593578338623,121.22,115.33,121.6,114.285,157.415,62.13
167,830891,fitts,mouse,64.6,5.27715822476734,1.71,0.6624457836151123,149.625,56.24,150.005,56.81,121.69500000000001,114.285
168,830891,fitts,mouse,64.6,5.27715822476734,1.71,0.799670934677124,131.005,118.37,130.055,121.22,150.005,56.81
169,830891,fitts,mouse,64.6,5.27715822476734,1.71,0.9686005115509033,139.65,57.475,141.17,54.435,130.055,121.22
170,830891,fitts,mouse,64.6,5.27715822476734,1.71,0.7678980827331543,141.17,118.94,141.36,119.985,141.17,54.435
171,830891,fitts,mouse,64.6,5.27715822476734,1.71,0.7525269985198975,131.76500000000001,56.24,134.14000000000001,54.15,141.36,119.985
172,830891,fitts,mouse,64.6,5.27715822476734,1.71,0.808469295501709,153.14000000000001,115.71000000000001,152.0,114.285,134.14000000000001,54.15
173,830891,fitts,mouse,64.6,5.27715822476734,1.71,0.7837965488433838,124.07000000000001,56.24,125.4,53.485,152.0,114.285
174,830891,fitts,mouse,64.6,5.27715822476734,1.71,0.7355542182922363,161.595,106.685,162.165,108.015,125.4,53.485
175,830891,fitts,mouse,64.6,5.27715822476734,1.71,0.7916040420532227,118.56,60.8,119.13,58.805,162.45,108.015
176,830891,fitts,mouse,64.6,5.27715822476734,1.71,0.7366485595703125,169.48,98.99,167.2,102.41,119.13,58.805
177,830891,fitts,mouse,64.6,5.27715822476734,1.71,0.7293052673339844,111.435,70.205,114.0,64.885,167.2,102.41
178,830891,fitts,mouse,64.6,5.27715822476734,1.71,0.7903573513031006,173.85,88.73,161.975,84.645,113.715,65.36
179,830891,fitts,mouse,64.6,5.27715822476734,1.71,0.6235466003417969,99.18,70.3,101.08,68.97,161.975,84.645
180,830891,fitts,mouse,133.0,6.6582114827517955,1.33,0.9281563758850098,62.415,76.19,65.835,73.435,194.75,86.165
181,830891,fitts,mouse,133.0,6.6582114827517955,1.33,1.0160560607910156,195.13,102.98,192.755,103.36,65.835,73.435
182,830891,fitts,mouse,133.0,6.6582114827517955,1.33,0.8557248115539551,69.35,54.910000000000004,71.535,56.145,192.755,103.36
183,830891,fitts,mouse,133.0,6.6582114827517955,1.33,0.8245432376861572,186.39000000000001,122.455,188.955,119.415,71.535,56.145
184,830891,fitts,mouse,133.0,6.6582114827517955,1.33,0.9192767143249512,85.215,36.67,85.975,32.68,188.955,119.415
185,830891,fitts,mouse,133.0,6.6582114827517955,1.33,1.352691888809204,176.32,129.96,176.415,129.96,86.07000000000001,32.68
186,830891,fitts,mouse,133.0,6.6582114827517955,1.33,1.1370635032653809,101.745,20.330000000000002,101.46000000000001,20.425,176.415,129.96
187,830891,fitts,mouse,133.0,6.6582114827517955,1.33,1.8861827850341797,158.935,139.935,158.745,139.555,101.46000000000001,20.425
188,830891,fitts,mouse,133.0,6.6582114827517955,1.33,1.353430986404419,119.7,12.825,119.795,12.635,158.745,139.555
189,830891,fitts,mouse,133.0,6.6582114827517955,1.33,1.8303582668304443,139.555,143.83,139.175,143.925,119.795,12.635
190,830891,fitts,mouse,133.0,6.6582114827517955,1.33,1.2902934551239014,139.175,11.21,139.84,10.64,139.175,143.925
191,830891,fitts,mouse,133.0,6.6582114827517955,1.33,1.2563135623931885,120.08,141.835,120.46000000000001,141.075,139.84,10.64
192,830891,fitts,mouse,133.0,6.6582114827517955,1.33,1.0799429416656494,159.505,14.345,159.79,13.49,120.46000000000001,141.075
193,830891,fitts,mouse,133.0,6.6582114827517955,1.33,1.2423880100250244,102.315,133.0,101.365,133.95,159.79,13.49
194,830891,fitts,mouse,133.0,6.6582114827517955,1.33,1.3131823539733887,176.035,24.32,176.225,23.94,101.365,133.95
195,830891,fitts,mouse,133.0,6.6582114827517955,1.33,1.465378761291504,85.975,121.22,86.45,120.365,176.225,23.94
196,830891,fitts,mouse,133.0,6.6582114827517955,1.33,1.7946186065673828,190.19,37.62,190.665,37.335,86.45,120.365
197,830891,fitts,mouse,133.0,6.6582114827517955,1.33,1.3451194763183594,75.81,103.645,74.86,103.36,190.665,37.335
198,830891,fitts,mouse,133.0,6.6582114827517955,1.33,1.8894624710083008,198.26500000000001,54.910000000000004,198.17000000000002,54.435,74.86,103.36
199,830891,fitts,mouse,133.0,6.6582114827517955,1.33,1.506500005722046,68.875,83.98,68.495,84.17,198.17000000000002,54.435
200,830891,fitts,mouse,41.8,2.938599455335857,6.2700000000000005,1.039468765258789,109.345,88.16,111.245,86.165,150.955,85.12
201,830891,fitts,mouse,41.8,2.938599455335857,6.2700000000000005,1.1056525707244873,151.905,76.95,153.52,78.66,111.245,86.165
202,830891,fitts,mouse,41.8,2.938599455335857,6.2700000000000005,0.7683749198913574,114.665,93.86,112.765,90.915,153.52,78.66
203,830891,fitts,mouse,41.8,2.938599455335857,6.2700000000000005,0.9538805484771729,148.865,70.11,148.29500000000002,72.58,112.765,90.915
204,830891,fitts,mouse,41.8,2.938599455335857,6.2700000000000005,2.4907033443450928,115.71000000000001,98.515,115.615,98.23,148.29500000000002,72.58
205,830891,fitts,mouse,41.8,2.938599455335857,6.2700000000000005,1.0231397151947021,144.02,67.64,144.97,64.885,115.615,98.23
206,830891,fitts,mouse,41.8,2.938599455335857,6.2700000000000005,1.0649175643920898,121.505,99.37,120.175,102.505,144.97,64.885
207,830891,fitts,mouse,41.8,2.938599455335857,6.2700000000000005,0.856759786605835,138.225,64.98,137.845,61.085,120.175,102.505
208,830891,fitts,mouse,41.8,2.938599455335857,6.2700000000000005,0.6979060173034668,125.59,100.89,126.255,100.51,137.845,61.085
209,830891,fitts,mouse,41.8,2.938599455335857,6.2700000000000005,0.705235481262207,132.43,59.28,132.62,56.335,126.255,100.51
210,830891,fitts,mouse,41.8,2.938599455335857,6.2700000000000005,0.8947699069976807,132.62,98.04,131.48,100.225,132.62,56.335
211,830891,fitts,mouse,41.8,2.938599455335857,6.2700000000000005,2.5465943813323975,125.305,58.995,126.16,55.765,131.48,100.225
212,830891,fitts,mouse,41.8,2.938599455335857,6.2700000000000005,0.8568894863128662,138.415,95.57000000000001,140.22,96.14,126.16,55.765
213,830891,fitts,mouse,41.8,2.938599455335857,6.2700000000000005,0.6002452373504639,122.17,58.615,119.795,55.67,140.22,96.14
214,830891,fitts,mouse,41.8,2.938599455335857,6.2700000000000005,0.5691752433776855,143.26,90.155,145.16,91.105,119.795,55.67
215,830891,fitts,mouse,41.8,2.938599455335857,6.2700000000000005,0.6484935283660889,116.755,60.515,116.375,54.910000000000004,145.16,91.105
216,830891,fitts,mouse,41.8,2.938599455335857,6.2700000000000005,0.7678847312927246,148.96,80.845,148.865,83.6,116.375,54.910000000000004
217,830891,fitts,mouse,41.8,2.938599455335857,6.2700000000000005,0.7052769660949707,112.765,62.795,114.095,58.995,148.865,83.6
218,830891,fitts,mouse,41.8,2.938599455335857,6.2700000000000005,1.1530344486236572,152.95,74.19500000000001,153.805,75.905,114.095,58.995
219,830891,fitts,mouse,41.8,2.938599455335857,6.2700000000000005,0.9770762920379639,113.145,66.69,114.38,64.98,153.805,75.905
220,830891,fitts,mouse,87.4,4.655954332292595,3.61,1.1600608825683594,87.305,80.18,87.495,78.94500000000001,174.23,86.735
221,830891,fitts,mouse,87.4,4.655954332292595,3.61,1.311821460723877,172.425,98.325,170.715,99.75,87.495,78.94500000000001
222,830891,fitts,mouse,87.4,4.655954332292595,3.61,1.1632075309753418,89.68,67.925,89.68,66.025,170.81,99.75
223,830891,fitts,mouse,87.4,4.655954332292595,3.61,2.1604785919189453,165.205,109.63,166.82,108.11,89.68,66.025
224,830891,fitts,mouse,87.4,4.655954332292595,3.61,1.9294297695159912,98.61,53.77,99.37,54.910000000000004,166.82,108.11
225,830891,fitts,mouse,87.4,4.655954332292595,3.61,1.1528089046478271,158.65,118.75,159.03,117.325,99.37,54.910000000000004
226,830891,fitts,mouse,87.4,4.655954332292595,3.61,1.1753175258636475,110.01,45.315,109.63,46.17,159.03,117.325
227,830891,fitts,mouse,87.4,4.655954332292595,3.61,2.274757146835327,147.44,124.735,147.155,123.12,109.63,46.17
228,830891,fitts,mouse,87.4,4.655954332292595,3.61,0.9616127014160156,121.41,39.805,121.6,40.28,147.155,123.12
229,830891,fitts,mouse,87.4,4.655954332292595,3.61,0.9590697288513184,134.615,126.44500000000001,135.28,125.59,121.6,40.28
230,830891,fitts,mouse,87.4,4.655954332292595,3.61,0.9298868179321289,135.28,38.475,136.135,38.0,135.28,125.59
231,830891,fitts,mouse,87.4,4.655954332292595,3.61,0.8080418109893799,123.12,124.165,122.455,125.685,136.135,38.0
232,830891,fitts,mouse,87.4,4.655954332292595,3.61,0.9764840602874756,148.2,42.37,146.395,42.465,122.455,125.685
233,830891,fitts,mouse,87.4,4.655954332292595,3.61,0.8248915672302246,108.58500000000001,121.03,107.73,120.84,146.395,42.465
234,830891,fitts,mouse,87.4,4.655954332292595,3.61,0.9851164817810059,156.75,48.83,156.465,49.115,107.73,120.84
235,830891,fitts,mouse,87.4,4.655954332292595,3.61,0.9203064441680908,97.185,112.955,96.425,113.62,156.465,49.115
236,830891,fitts,mouse,87.4,4.655954332292595,3.61,0.9116928577423096,164.635,59.28,164.825,59.09,96.425,113.62
237,830891,fitts,mouse,87.4,4.655954332292595,3.61,0.8248252868652344,89.3,102.69500000000001,89.775,102.79,164.825,59.09
238,830891,fitts,mouse,87.4,4.655954332292595,3.61,1.080606460571289,170.905,70.965,171.285,72.2,89.775,102.79
239,830891,fitts,mouse,87.4,4.655954332292595,3.61,1.13798189163208,86.355,91.58,87.59,91.01,171.285,72.2
240,830891,pvp,touchpad,110.2,6.389861771052448,1.33,2.684610605239868,24.13,117.515,23.94,117.04,129.96,86.355
241,830891,pvp,touchpad,110.2,6.389861771052448,1.33,1.763653039932251,42.18,8.74,41.8,8.74,23.94,117.04
242,830891,pvp,touchpad,110.2,6.389861771052448,1.33,2.004272699356079,144.78,48.735,144.685,48.83,41.8,8.74
243,830891,pvp,touchpad,110.2,6.389861771052448,1.33,3.441409111022949,238.735,106.21000000000001,238.54500000000002,106.115,144.685,48.83
244,830891,pvp,touchpad,110.2,6.389861771052448,1.33,2.563746690750122,142.5,52.44,142.595,52.06,238.54500000000002,106.115
245,830891,pvp,touchpad,110.2,6.389861771052448,1.33,3.864011287689209,227.81,122.075,227.62,121.885,142.595,52.06
246,830891,pvp,touchpad,110.2,6.389861771052448,1.33,5.933505535125732,124.925,161.69,125.305,161.5,227.62,121.885
247,830891,pvp,touchpad,110.2,6.389861771052448,1.33,2.4494733810424805,201.4,82.27,201.495,81.985,125.305,161.5
248,830891,pvp,touchpad,110.2,6.389861771052448,1.33,2.6099908351898193,123.69,160.455,123.595,160.645,201.495,81.985
249,830891,pvp,touchpad,110.2,6.389861771052448,1.33,2.673079013824463,23.085,115.33,22.705000000000002,115.235,123.595,160.645
250,830891,pvp,touchpad,110.2,6.389861771052448,1.33,2.2610790729522705,15.105,5.32,15.01,5.32,22.705000000000002,115.235
251,830891,pvp,touchpad,110.2,6.389861771052448,1.33,3.2928647994995117,113.62,54.625,114.0,54.625,15.01,5.32
252,830891,pvp,touchpad,110.2,6.389861771052448,1.33,2.0995335578918457,223.535,62.13,223.63,61.94,114.0,54.625
253,830891,pvp,touchpad,110.2,6.389861771052448,1.33,1.9477946758270264,180.405,163.495,180.595,163.02,223.63,61.94
254,830891,pvp,touchpad,110.2,6.389861771052448,1.33,1.6535851955413818,76.665,126.065,76.95,126.16,180.595,163.02
255,830891,pvp,touchpad,110.2,6.389861771052448,1.33,1.8582372665405273,146.49,40.85,146.49,41.135,76.95,126.16
256,830891,pvp,touchpad,110.2,6.389861771052448,1.33,1.7856647968292236,49.97,94.145,49.78,93.67,146.49,41.135
257,830891,pvp,touchpad,110.2,6.389861771052448,1.33,1.9019393920898438,127.205,15.485,127.49,15.01,49.78,93.67
258,830891,pvp,touchpad,110.2,6.389861771052448,1.33,1.6986188888549805,227.81,60.42,227.43,60.8,127.49,15.01
259,830891,pvp,touchpad,110.2,6.389861771052448,1.33,1.6682405471801758,198.74,166.63,198.93,166.44,227.43,60.8
260,830891,pvp,touchpad,64.6,5.631436930520657,1.33,1.8510780334472656,191.71,105.26,191.805,105.355,129.485,86.735
261,830891,pvp,touchpad,64.6,5.631436930520657,1.33,2.0033771991729736,132.145,130.245,131.76500000000001,130.245,191.805,105.355
262,830891,pvp,touchpad,64.6,5.631436930520657,1.33,2.391510486602783,88.16,82.84,87.875,82.555,131.76500000000001,130.245
263,830891,pvp,touchpad,64.6,5.631436930520657,1.33,5.28272008895874,77.14,19.095,77.14,18.81,87.875,82.555
264,830891,pvp,touchpad,64.6,5.631436930520657,1.33,1.7413806915283203,140.505,31.35,140.79,31.16,77.14,18.81
265,830891,pvp,touchpad,64.6,5.631436930520657,1.33,2.4131433963775635,204.63,38.95,204.44,38.665,140.79,31.16
266,830891,pvp,touchpad,64.6,5.631436930520657,1.33,1.953160047531128,145.065,63.935,145.065,63.555,204.44,38.665
267,830891,pvp,touchpad,64.6,5.631436930520657,1.33,2.2669994831085205,117.135,122.17,117.42,122.265,145.065,63.555
268,830891,pvp,touchpad,64.6,5.631436930520657,1.33,1.697310209274292,66.595,162.45,66.215,162.26,117.42,122.265
269,830891,pvp,touchpad,64.6,5.631436930520657,1.33,1.8065259456634521,10.355,130.53,9.975,130.245,66.215,162.26
270,830891,pvp,touchpad,64.6,5.631436930520657,1.33,1.8960413932800293,69.635,104.88,69.44500000000001,104.785,9.975,130.245
271,830891,pvp,touchpad,64.6,5.631436930520657,1.33,1.8199284076690674,7.125,88.255,6.9350000000000005,88.44500000000001,69.44500000000001,104.785
272,830891,pvp,touchpad,64.6,5.631436930520657,1.33,1.5895652770996094,34.39,29.64,34.01,29.45,6.9350000000000005,88.44500000000001
273,830891,pvp,touchpad,64.6,5.631436930520657,1.33,2.078015089035034,97.66,42.56,97.565,42.37,34.01,29.45
274,830891,pvp,touchpad,64.6,5.631436930520657,1.33,2.3455798625946045,162.165,39.995,162.165,40.565,97.565,42.37
275,830891,pvp,touchpad,64.6,5.631436930520657,1.33,2.076735258102417,218.88,9.025,218.595,8.74,162.165,40.565
276,830891,pvp,touchpad,64.6,5.631436930520657,1.33,1.7787318229675293,229.33,72.675,229.14000000000001,72.58,218.595,8.74
277,830891,pvp,touchpad,64.6,5.631436930520657,1.33,1.6825597286224365,235.03,136.99,235.03,136.8,229.14000000000001,72.58
278,830891,pvp,touchpad,64.6,5.631436930520657,1.33,1.9372687339782715,170.43,135.565,171.0,135.66,235.03,136.8
279,830891,pvp,touchpad,64.6,5.631436930520657,1.33,1.801337480545044,234.84,139.175,234.65,138.795,171.0,135.66
280,830891,pvp,touchpad,133.0,6.6582114827517955,1.33,1.9541356563568115,236.36,166.25,236.93,166.155,129.96,86.735
281,830891,pvp,touchpad,133.0,6.6582114827517955,1.33,3.184082269668579,126.73,90.915,127.205,91.01,236.93,166.155
282,830891,pvp,touchpad,133.0,6.6582114827517955,1.33,2.2154457569122314,12.92,21.945,12.92,22.515,127.205,91.01
283,830891,pvp,touchpad,133.0,6.6582114827517955,1.33,1.8071324825286865,142.12,53.295,142.31,53.2,12.92,22.515
284,830891,pvp,touchpad,133.0,6.6582114827517955,1.33,2.0186104774475098,13.870000000000001,17.955000000000002,14.06,18.335,142.31,53.2
285,830891,pvp,touchpad,133.0,6.6582114827517955,1.33,3.002462387084961,139.08,62.7,138.51,62.415,14.06,18.335
286,830891,pvp,touchpad,133.0,6.6582114827517955,1.33,2.0032784938812256,7.6,83.125,7.315,82.555,138.51,62.415
287,830891,pvp,touchpad,133.0,6.6582114827517955,1.33,1.8512940406799316,136.23,49.59,136.61,49.21,7.315,82.555
288,830891,pvp,touchpad,133.0,6.6582114827517955,1.33,1.7787189483642578,206.625,162.355,206.625,162.54500000000002,136.61,49.21
289,830891,pvp,touchpad,133.0,6.6582114827517955,1.33,3.532766342163086,73.625,161.785,73.625,161.595,206.625,162.54500000000002
290,830891,pvp,touchpad,133.0,6.6582114827517955,1.33,1.8230125904083252,30.305,36.005,30.495,35.910000000000004,73.625,161.595
291,830891,pvp,touchpad,133.0,6.6582114827517955,1.33,1.7621045112609863,158.08,72.58,157.7,72.58,30.495,35.910000000000004
292,830891,pvp,touchpad,133.0,6.6582114827517955,1.33,1.7638013362884521,27.55,98.135,27.17,98.04,157.7,72.58
293,830891,pvp,touchpad,133.0,6.6582114827517955,1.33,1.6615424156188965,152.95,53.77,153.14000000000001,53.675,27.17,98.04
294,830891,pvp,touchpad,133.0,6.6582114827517955,1.33,2.310162305831909,241.205,153.14000000000001,241.68,153.235,153.14000000000001,53.675
295,830891,pvp,touchpad,133.0,6.6582114827517955,1.33,4.203666687011719,126.825,85.215,127.205,85.025,241.68,153.235
296,830891,pvp,touchpad,133.0,6.6582114827517955,1.33,4.511898517608643,255.26500000000001,50.825,255.07500000000002,50.35,127.205,85.025
297,830891,pvp,touchpad,133.0,6.6582114827517955,1.33,2.6004281044006348,138.13,113.905,138.13,113.43,255.07500000000002,50.35
298,830891,pvp,touchpad,133.0,6.6582114827517955,1.33,2.1352598667144775,232.94,20.615000000000002,232.94,20.14,138.13,113.43
299,830891,pvp,touchpad,133.0,6.6582114827517955,1.33,1.637993574142456,242.915,153.235,243.29500000000002,153.33,232.94,20.14
300,830891,pvp,touchpad,19.0,3.9341120643435428,1.33,5.253525972366333,124.64,68.305,124.26,67.925,129.77,86.545
301,830891,pvp,touchpad,19.0,3.9341120643435428,1.33,1.7983143329620361,143.545,68.59,143.64000000000001,68.02,124.26,67.925
302,830891,pvp,touchpad,19.0,3.9341120643435428,1.33,1.509099006652832,136.895,86.355,136.705,85.785,143.64000000000001,68.02
303,830891,pvp,touchpad,19.0,3.9341120643435428,1.33,3.6495869159698486,143.45,104.12,143.355,103.55,136.705,85.785
304,830891,pvp,touchpad,19.0,3.9341120643435428,1.33,4.088128328323364,149.91,86.26,150.1,86.45,143.355,103.55
305,830891,pvp,touchpad,19.0,3.9341120643435428,1.33,1.588707685470581,160.645,101.84,160.74,102.125,150.1,86.45
306,830891,pvp,touchpad,19.0,3.9341120643435428,1.33,1.8712105751037598,167.485,119.51,167.58,118.94,160.74,102.125
307,830891,pvp,touchpad,19.0,3.9341120643435428,1.33,1.1957926750183105,185.44,113.43,185.155,113.24,167.58,118.94
308,830891,pvp,touchpad,19.0,3.9341120643435428,1.33,2.1705973148345947,178.885,95.57000000000001,178.98,95.76,185.155,113.24
309,830891,pvp,touchpad,19.0,3.9341120643435428,1.33,3.817742347717285,163.115,84.83500000000001,162.925,84.74,178.98,95.76
310,830891,pvp,touchpad,19.0,3.9341120643435428,1.33,1.9237947463989258,167.865,66.405,168.15,66.215,162.925,84.74
311,830891,pvp,touchpad,19.0,3.9341120643435428,1.33,3.07466721534729,149.815,60.325,150.005,60.895,168.15,66.215
312,830891,pvp,touchpad,19.0,3.9341120643435428,1.33,1.8429985046386719,166.725,68.875,166.82,68.59,150.005,60.895
313,830891,pvp,touchpad,19.0,3.9341120643435428,1.33,1.565868616104126,180.69,81.605,180.785,81.7,166.82,68.59
314,830891,pvp,touchpad,19.0,3.9341120643435428,1.33,1.2027735710144043,162.45,87.02,162.45,86.64,180.785,81.7
315,830891,pvp,touchpad,19.0,3.9341120643435428,1.33,1.603362798690796,144.59,80.37,144.875,80.18,162.45,86.64
316,830891,pvp,touchpad,19.0,3.9341120643435428,1.33,2.9347901344299316,127.68,89.205,127.68,88.73,144.875,80.18
317,830891,pvp,touchpad,19.0,3.9341120643435428,1.33,1.7560830116271973,125.97,108.11,126.255,107.825,127.68,88.73
318,830891,pvp,touchpad,19.0,3.9341120643435428,1.33,1.5440399646759033,144.78,110.58,145.16,110.2,126.255,107.825
319,830891,pvp,touchpad,19.0,3.9341120643435428,1.33,2.6147027015686035,159.125,122.93,159.41,122.645,145.16,110.2
320,830891,pvp,touchpad,87.4,6.0599238176520585,1.33,1.843074083328247,74.19500000000001,153.9,74.385,154.09,130.055,86.83
321,830891,pvp,touchpad,87.4,6.0599238176520585,1.33,2.4980461597442627,31.92,77.33,31.635,77.235,74.385,154.09
322,830891,pvp,touchpad,87.4,6.0599238176520585,1.33,1.5451617240905762,94.43,16.245,94.905,16.055,31.635,77.235
323,830891,pvp,touchpad,87.4,6.0599238176520585,1.33,1.5945298671722412,48.83,90.82000000000001,48.545,91.01,94.905,16.055
324,830891,pvp,touchpad,87.4,6.0599238176520585,1.33,2.5865957736968994,26.885,6.175,27.17,6.46,48.545,91.01
325,830891,pvp,touchpad,87.4,6.0599238176520585,1.33,1.5736925601959229,111.245,28.88,111.625,28.405,27.17,6.46
326,830891,pvp,touchpad,87.4,6.0599238176520585,1.33,1.580503225326538,153.52,105.355,153.9,105.64,111.625,28.405
327,830891,pvp,touchpad,87.4,6.0599238176520585,1.33,1.9819440841674805,85.5,160.17000000000002,85.31,160.075,153.9,105.64
328,830891,pvp,touchpad,87.4,6.0599238176520585,1.33,2.2802207469940186,27.075,95.0,27.17,94.62,85.31,160.075
329,830891,pvp,touchpad,87.4,6.0599238176520585,1.33,1.8351490497589111,91.2,154.28,90.915,153.995,27.17,94.62
330,830891,pvp,touchpad,87.4,6.0599238176520585,1.33,3.4456777572631836,7.03,130.625,7.03,130.055,90.915,153.995
331,830891,pvp,touchpad,87.4,6.0599238176520585,1.33,2.6080305576324463,17.765,43.89,17.765,43.795,7.03,130.055
332,830891,pvp,touchpad,87.4,6.0599238176520585,1.33,3.29227614402771,99.18,12.255,99.75,12.065,17.765,43.795
333,830891,pvp,touchpad,87.4,6.0599238176520585,1.33,2.56308913230896,186.2,5.035,186.58,4.5600000000000005,99.75,12.065
334,830891,pvp,touchpad,87.4,6.0599238176520585,1.33,1.7932531833648682,212.895,88.16,212.705,87.97,186.58,4.5600000000000005
335,830891,pvp,touchpad,87.4,6.0599238176520585,1.33,1.8142716884613037,188.575,4.18,188.575,4.18,212.705,87.97
336,830891,pvp,touchpad,87.4,6.0599238176520585,1.33,1.5441877841949463,224.865,83.6,224.77,83.22,188.575,4.18
337,830891,pvp,touchpad,87.4,6.0599238176520585,1.33,2.6946849822998047,172.235,153.425,171.95,153.33,224.77,83.22
338,830891,pvp,touchpad,87.4,6.0599238176520585,1.33,1.5951571464538574,86.735,134.9,86.925,134.9,171.95,153.33
339,830891,pvp,touchpad,87.4,6.0599238176520585,1.33,2.1915268898010254,25.84,72.105,25.365000000000002,71.725,86.925,134.9
340,830891,pvp,touchpad,41.8,5.01919356523331,1.33,1.6604888439178467,117.325,46.74,117.515,46.265,129.96,86.26
341,830891,pvp,touchpad,41.8,5.01919356523331,1.33,1.8434851169586182,131.67,85.975,131.955,85.88,117.515,46.265
342,830891,pvp,touchpad,41.8,5.01919356523331,1.33,1.710416316986084,172.995,79.8,173.28,79.705,131.955,85.88
343,830891,pvp,touchpad,41.8,5.01919356523331,1.33,1.705162525177002,187.15,40.47,187.245,40.28,173.28,79.705
344,830891,pvp,touchpad,41.8,5.01919356523331,1.33,3.8160879611968994,221.16,16.245,221.16,16.72,187.245,40.28
345,830891,pvp,touchpad,41.8,5.01919356523331,1.33,1.8290953636169434,246.905,49.115,246.43,49.4,221.16,16.72
346,830891,pvp,touchpad,41.8,5.01919356523331,1.33,2.0534777641296387,255.26500000000001,89.965,255.455,89.58500000000001,246.43,49.4
347,830891,pvp,touchpad,41.8,5.01919356523331,1.33,1.8876662254333496,236.93,127.49,236.93,127.205,255.455,89.58500000000001
348,830891,pvp,touchpad,41.8,5.01919356523331,1.33,1.6019549369812012,247.285,167.96,246.905,168.34,236.93,127.205
349,830891,pvp,touchpad,41.8,5.01919356523331,1.33,1.4801361560821533,212.61,144.495,212.23,144.02,246.905,168.34
350,830891,pvp,touchpad,41.8,5.01919356523331,1.33,2.453658103942871,171.95,134.52,171.76,134.805,212.23,144.02
351,830891,pvp,touchpad,41.8,5.01919356523331,1.33,1.6832032203674316,210.14000000000001,117.61,210.04500000000002,117.42,171.76,134.805
352,830891,pvp,touchpad,41.8,5.01919356523331,1.33,2.06783127784729,206.435,75.905,206.055,75.81,210.04500000000002,117.42
353,830891,pvp,touchpad,41.8,5.01919356523331,1.33,1.6973845958709717,210.425,117.42,210.9,117.04,206.055,75.81
354,830891,pvp,touchpad,41.8,5.01919356523331,1.33,3.0158419609069824,247.285,136.895,247.0,136.895,210.9,117.04
355,830891,pvp,touchpad,41.8,5.01919356523331,1.33,1.5862400531768799,213.655,161.785,213.465,161.31,247.0,136.895
356,830891,pvp,touchpad,41.8,5.01919356523331,1.33,2.2593090534210205,173.185,151.05,172.805,150.575,213.465,161.31
357,830891,pvp,touchpad,41.8,5.01919356523331,1.33,1.6673102378845215,157.79500000000002,112.1,157.605,111.72,172.805,150.575
358,830891,pvp,touchpad,41.8,5.01919356523331,1.33,1.4931426048278809,146.68,71.725,146.49,71.535,157.605,111.72
359,830891,pvp,touchpad,41.8,5.01919356523331,1.33,5.222259521484375,187.245,61.655,187.53,61.085,146.49,71.535
360,830891,fitts,touchpad,64.6,5.27715822476734,1.71,1.5657696723937988,97.85,92.625,97.28,91.96000000000001,162.165,87.875
361,830891,fitts,touchpad,64.6,5.27715822476734,1.71,1.35538649559021,160.075,77.615,160.55,77.995,97.28,91.96000000000001
362,830891,fitts,touchpad,64.6,5.27715822476734,1.71,1.5423822402954102,100.605,101.555,100.795,100.985,160.55,77.995
363,830891,fitts,touchpad,64.6,5.27715822476734,1.71,1.2543058395385742,156.56,68.78,156.75,68.685,100.795,100.985
364,830891,fitts,touchpad,64.6,5.27715822476734,1.71,2.0475714206695557,106.4,108.87,106.4,108.58500000000001,156.75,68.685
365,830891,fitts,touchpad,64.6,5.27715822476734,1.71,1.6677086353302002,150.195,61.37,150.29,60.99,106.4,108.58500000000001
366,830891,fitts,touchpad,64.6,5.27715822476734,1.71,1.5513577461242676,114.095,114.19,113.81,114.095,150.29,60.99
367,830891,fitts,touchpad,64.6,5.27715822476734,1.71,1.6609411239624023,141.74,56.05,141.17,56.05,113.81,114.095
368,830891,fitts,touchpad,64.6,5.27715822476734,1.71,1.600874662399292,122.17,117.61,122.36,116.565,141.17,56.05
369,830891,fitts,touchpad,64.6,5.27715822476734,1.71,1.2959041595458984,131.955,52.82,131.67,52.63,122.36,116.565
370,830891,fitts,touchpad,64.6,5.27715822476734,1.71,1.4064576625823975,131.67,117.135,131.48,117.325,131.67,52.63
371,830891,fitts,touchpad,64.6,5.27715822476734,1.71,1.7713100910186768,121.885,53.58,121.125,53.295,131.48,117.325
372,830891,fitts,touchpad,64.6,5.27715822476734,1.71,2.7956581115722656,140.125,114.855,139.745,115.045,121.125,53.295
373,830891,fitts,touchpad,64.6,5.27715822476734,1.71,1.8653068542480469,111.815,57.0,111.815,56.525,139.745,115.045
374,830891,fitts,touchpad,64.6,5.27715822476734,1.71,2.4694297313690186,148.01,109.725,147.725,109.06,111.815,56.525
375,830891,fitts,touchpad,64.6,5.27715822476734,1.71,1.536785364151001,103.93,61.845,103.74,61.465,147.725,109.06
376,830891,fitts,touchpad,64.6,5.27715822476734,1.71,1.5575132369995117,154.09,101.65,153.9,101.935,103.74,61.465
377,830891,fitts,touchpad,64.6,5.27715822476734,1.71,1.566530704498291,98.135,69.73,98.61,68.685,153.9,101.935
378,830891,fitts,touchpad,64.6,5.27715822476734,1.71,2.0471088886260986,158.555,92.245,158.935,92.435,98.61,68.685
379,830891,fitts,touchpad,64.6,5.27715822476734,1.71,1.572887897491455,96.14,78.09,95.95,77.71000000000001,158.935,92.435
380,830891,fitts,touchpad,19.0,1.3856536924977498,11.78,0.6315207481384277,119.51,84.075,121.6,87.875,138.415,85.5
381,830891,fitts,touchpad,19.0,1.3856536924977498,11.78,0.7731502056121826,140.03,92.055,138.51,91.58,121.6,87.875
382,830891,fitts,touchpad,19.0,1.3856536924977498,11.78,0.801414966583252,120.84,84.645,123.12,86.355,138.51,91.58
383,830891,fitts,touchpad,19.0,1.3856536924977498,11.78,0.7199971675872803,139.555,95.855,138.32,95.19,123.12,86.355
384,830891,fitts,touchpad,19.0,1.3856536924977498,11.78,0.7650959491729736,123.5,83.315,125.305,85.405,138.32,95.19
385,830891,fitts,touchpad,19.0,1.3856536924977498,11.78,0.8459324836730957,138.225,99.37,137.465,100.035,125.305,85.405
386,830891,fitts,touchpad,19.0,1.3856536924977498,11.78,0.7195708751678467,126.825,84.36,126.92,84.55,137.465,100.035
387,830891,fitts,touchpad,19.0,1.3856536924977498,11.78,0.8315072059631348,135.09,101.65,134.805,102.315,126.92,84.55
388,830891,fitts,touchpad,19.0,1.3856536924977498,11.78,0.7281491756439209,129.2,84.17,128.345,85.215,134.805,102.315
389,830891,fitts,touchpad,19.0,1.3856536924977498,11.78,0.7789781093597412,131.195,103.93,129.2,104.785,128.345,85.215
390,830891,fitts,touchpad,19.0,1.3856536924977498,11.78,0.8084907531738281,129.2,85.88,127.11,87.495,129.2,104.785
391,830891,fitts,touchpad,19.0,1.3856536924977498,11.78,0.9411065578460693,124.26,106.21000000000001,124.64,106.305,127.11,87.495
392,830891,fitts,touchpad,19.0,1.3856536924977498,11.78,0.77895188331604,130.245,88.16,129.295,88.54,124.64,106.305
393,830891,fitts,touchpad,19.0,1.3856536924977498,11.78,0.7271959781646729,121.125,105.64,120.08,106.59,129.295,88.54
394,830891,fitts,touchpad,19.0,1.3856536924977498,11.78,0.7431685924530029,130.72,90.915,127.68,92.91,120.08,106.59
395,830891,fitts,touchpad,19.0,1.3856536924977498,11.78,0.9614627361297607,114.76,106.875,114.0,108.58500000000001,127.68,92.91
396,830891,fitts,touchpad,19.0,1.3856536924977498,11.78,0.9543654918670654,128.82,96.71000000000001,126.825,97.755,114.0,108.58500000000001
397,830891,fitts,touchpad,19.0,1.3856536924977498,11.78,0.7347266674041748,110.39,107.255,110.96000000000001,108.015,126.825,97.755
398,830891,fitts,touchpad,19.0,1.3856536924977498,11.78,0.8013947010040283,128.63,101.08,125.115,100.13,110.96000000000001,108.015
399,830891,fitts,touchpad,19.0,1.3856536924977498,11.78,0.8236441612243652,106.685,104.31,109.345,103.455,125.115,100.13
400,830891,fitts,touchpad,87.4,4.655954332292595,3.61,1.8795557022094727,86.64,94.24,86.735,95.095,173.565,87.78
401,830891,fitts,touchpad,87.4,4.655954332292595,3.61,1.6029412746429443,171.665,75.715,171.285,76.19,86.735,95.095
402,830891,fitts,touchpad,87.4,4.655954332292595,3.61,1.1866552829742432,90.155,108.015,90.915,108.11,171.285,76.19
403,830891,fitts,touchpad,87.4,4.655954332292595,3.61,1.2533090114593506,166.44,64.505,167.105,63.46,90.915,108.11
404,830891,fitts,touchpad,87.4,4.655954332292595,3.61,1.4195985794067383,98.895,117.8,98.705,117.8,167.105,63.46
405,830891,fitts,touchpad,87.4,4.655954332292595,3.61,1.4073162078857422,157.985,53.96,158.08,54.245,98.705,117.8
406,830891,fitts,touchpad,87.4,4.655954332292595,3.61,1.6669840812683105,109.06,126.255,108.87,127.11,158.08,54.245
407,830891,fitts,touchpad,87.4,4.655954332292595,3.61,1.0189828872680664,146.68,48.545,147.44,49.21,108.87,127.11
408,830891,fitts,touchpad,87.4,4.655954332292595,3.61,3.1033170223236084,121.69500000000001,132.525,121.6,133.475,147.44,49.21
409,830891,fitts,touchpad,87.4,4.655954332292595,3.61,1.6318895816802979,134.615,47.31,134.995,47.595,121.6,133.475
410,830891,fitts,touchpad,87.4,4.655954332292595,3.61,1.4785356521606445,134.995,134.71,134.52,135.47,134.995,47.595
411,830891,fitts,touchpad,87.4,4.655954332292595,3.61,1.6912198066711426,121.505,49.305,121.6,49.97,134.52,135.47
412,830891,fitts,touchpad,87.4,4.655954332292595,3.61,1.607316493988037,147.345,133.285,148.01,133.76,121.6,49.97
413,830891,fitts,touchpad,87.4,4.655954332292595,3.61,1.3481507301330566,110.2,55.195,109.915,54.34,148.01,133.76
414,830891,fitts,touchpad,87.4,4.655954332292595,3.61,1.5738952159881592,158.935,126.35000000000001,158.08,127.11,109.915,54.34
415,830891,fitts,touchpad,87.4,4.655954332292595,3.61,1.4428634643554688,98.8,63.27,99.465,62.32,158.08,127.11
416,830891,fitts,touchpad,87.4,4.655954332292595,3.61,1.0839316844940186,167.675,116.66,167.675,116.66,99.465,62.32
417,830891,fitts,touchpad,87.4,4.655954332292595,3.61,1.413072109222412,92.15,73.055,91.105,73.91,167.675,116.66
418,830891,fitts,touchpad,87.4,4.655954332292595,3.61,1.7993404865264893,172.235,105.735,172.9,105.07000000000001,91.105,73.91
419,830891,fitts,touchpad,87.4,4.655954332292595,3.61,1.3119995594024658,87.97,85.69,87.875,86.64,172.9,105.07000000000001
420,830891,fitts,touchpad,133.0,6.6582114827517955,1.33,2.3581607341766357,63.935,76.285,63.365,75.24,196.27,86.26
421,830891,fitts,touchpad,133.0,6.6582114827517955,1.33,2.0554933547973633,192.66,104.785,193.04,104.69,63.365,75.24
422,830891,fitts,touchpad,133.0,6.6582114827517955,1.33,2.292734146118164,69.635,56.24,69.44500000000001,55.86,193.04,104.69
423,830891,fitts,touchpad,133.0,6.6582114827517955,1.33,2.418031692504883,184.3,122.17,184.395,122.17,69.44500000000001,55.86
424,830891,fitts,touchpad,133.0,6.6582114827517955,1.33,2.2938392162323,80.655,39.425,80.465,39.33,184.395,122.17
425,830891,fitts,touchpad,133.0,6.6582114827517955,1.33,1.7416634559631348,170.715,136.61,170.62,136.8,80.465,39.33
426,830891,fitts,touchpad,133.0,6.6582114827517955,1.33,1.7035489082336426,95.95,27.17,95.095,26.79,170.62,136.8
427,830891,fitts,touchpad,133.0,6.6582114827517955,1.33,1.8664207458496094,152.57,146.3,152.855,145.635,95.095,26.79
428,830891,fitts,touchpad,133.0,6.6582114827517955,1.33,1.805619478225708,113.81,18.905,113.715,19.665,152.855,145.635
429,830891,fitts,touchpad,133.0,6.6582114827517955,1.33,1.7407989501953125,133.475,150.86,133.665,150.955,113.715,19.665
430,830891,fitts,touchpad,133.0,6.6582114827517955,1.33,1.9441988468170166,133.665,18.240000000000002,134.235,17.86,133.665,150.955
431,830891,fitts,touchpad,133.0,6.6582114827517955,1.33,2.251657724380493,114.475,149.055,114.19,148.96,134.235,17.86
432,830891,fitts,touchpad,133.0,6.6582114827517955,1.33,1.368746042251587,153.235,22.23,153.615,21.945,114.19,148.96
433,830891,fitts,touchpad,133.0,6.6582114827517955,1.33,2.1786603927612305,96.14,141.455,96.425,140.885,153.615,21.945
434,830891,fitts,touchpad,133.0,6.6582114827517955,1.33,1.9374489784240723,171.095,31.255,170.525,31.065,96.425,140.885
435,830891,fitts,touchpad,133.0,6.6582114827517955,1.33,2.02414608001709,80.275,128.345,80.56,127.58500000000001,170.525,31.065
436,830891,fitts,touchpad,133.0,6.6582114827517955,1.33,2.018031597137451,184.3,44.84,184.585,44.84,80.56,127.58500000000001
437,830891,fitts,touchpad,133.0,6.6582114827517955,1.33,1.7028510570526123,69.73,111.15,69.35,110.865,184.585,44.84
438,830891,fitts,touchpad,133.0,6.6582114827517955,1.33,3.1033220291137695,192.755,62.415,192.85,61.94,69.35,110.865
439,830891,fitts,touchpad,133.0,6.6582114827517955,1.33,2.1706066131591797,63.555,91.485,63.65,91.01,192.85,61.94
440,830891,fitts,touchpad,41.8,2.938599455335857,6.2700000000000005,0.9103057384490967,109.63,90.44,109.25,88.54,151.24,87.4
441,830891,fitts,touchpad,41.8,2.938599455335857,6.2700000000000005,1.1208724975585938,149.91,79.325,149.435,77.9,109.25,88.54
442,830891,fitts,touchpad,41.8,2.938599455335857,6.2700000000000005,0.9261062145233154,110.58,93.1,109.915,92.435,149.435,77.9
443,830891,fitts,touchpad,41.8,2.938599455335857,6.2700000000000005,1.0857882499694824,146.01500000000001,71.63,146.965,72.58,109.915,92.435
444,830891,fitts,touchpad,41.8,2.938599455335857,6.2700000000000005,1.579606294631958,114.38,98.515,115.045,98.705,146.965,72.58
445,830891,fitts,touchpad,41.8,2.938599455335857,6.2700000000000005,1.0275068283081055,143.45,68.115,143.07,68.115,115.045,98.705
446,830891,fitts,touchpad,41.8,2.938599455335857,6.2700000000000005,1.0196082592010498,119.605,102.6,119.605,100.985,143.07,68.115
447,830891,fitts,touchpad,41.8,2.938599455335857,6.2700000000000005,1.0484774112701416,137.655,63.46,137.655,64.315,119.605,100.985
448,830891,fitts,touchpad,41.8,2.938599455335857,6.2700000000000005,1.1575357913970947,125.4,104.12,125.21000000000001,101.84,137.655,64.315
449,830891,fitts,touchpad,41.8,2.938599455335857,6.2700000000000005,1.1075994968414307,131.385,60.61,131.29,62.13,125.21000000000001,101.84
450,830891,fitts,touchpad,41.8,2.938599455335857,6.2700000000000005,1.0415153503417969,131.29,103.83500000000001,130.815,103.265,131.29,62.13
451,830891,fitts,touchpad,41.8,2.938599455335857,6.2700000000000005,1.0205013751983643,124.64,62.035000000000004,125.115,61.94,130.815,103.265
452,830891,fitts,touchpad,41.8,2.938599455335857,6.2700000000000005,1.0187444686889648,137.37,101.745,136.8,101.27,125.115,61.94
453,830891,fitts,touchpad,41.8,2.938599455335857,6.2700000000000005,0.9830617904663086,118.75,63.745,119.225,62.415,136.8,101.27
454,830891,fitts,touchpad,41.8,2.938599455335857,6.2700000000000005,0.9763188362121582,142.69,96.9,141.74,98.135,119.225,62.415
455,830891,fitts,touchpad,41.8,2.938599455335857,6.2700000000000005,0.9389543533325195,113.33500000000001,67.545,112.67,68.02,141.74,98.135
456,830891,fitts,touchpad,41.8,2.938599455335857,6.2700000000000005,1.4717047214508057,145.255,93.955,145.445,94.525,112.67,68.02
457,830891,fitts,touchpad,41.8,2.938599455335857,6.2700000000000005,1.5360181331634521,109.345,73.72,109.915,74.19500000000001,145.445,94.525
458,830891,fitts,touchpad,41.8,2.938599455335857,6.2700000000000005,0.9920821189880371,148.77,89.395,148.865,89.205,109.915,74.19500000000001
459,830891,fitts,touchpad,41.8,2.938599455335857,6.2700000000000005,0.9682154655456543,108.205,79.99,108.205,79.325,148.865,89.205
460,830891,fitts,touchpad,110.2,3.7958592832197744,8.55,1.2670745849609375,72.675,79.135,75.33500000000001,77.9,182.305,87.4
461,830891,fitts,touchpad,110.2,3.7958592832197744,8.55,1.3184280395507812,182.495,102.315,180.405,100.225,75.33500000000001,77.9
462,830891,fitts,touchpad,110.2,3.7958592832197744,8.55,1.1078026294708252,78.09,60.135,77.995,59.28,180.405,100.225
463,830891,fitts,touchpad,110.2,3.7958592832197744,8.55,1.3684823513031006,173.185,114.19,174.23,114.475,77.995,59.28
464,830891,fitts,touchpad,110.2,3.7958592832197744,8.55,1.2162020206451416,88.255,45.980000000000004,88.73,45.315,174.23,114.475
465,830891,fitts,touchpad,110.2,3.7958592832197744,8.55,2.8191957473754883,163.495,125.875,165.01500000000001,126.065,88.73,45.315
466,830891,fitts,touchpad,110.2,3.7958592832197744,8.55,1.1502196788787842,103.17,35.245,101.65,34.96,165.01500000000001,126.065
467,830891,fitts,touchpad,110.2,3.7958592832197744,8.55,1.4582304954528809,149.245,133.95,148.675,132.24,101.65,34.96
468,830891,fitts,touchpad,110.2,3.7958592832197744,8.55,1.1948416233062744,116.28,27.265,115.33,28.88,148.675,132.24
469,830891,fitts,touchpad,110.2,3.7958592832197744,8.55,1.1210472583770752,131.76500000000001,137.56,131.005,137.37,115.33,28.88
470,830891,fitts,touchpad,110.2,3.7958592832197744,8.55,1.2231879234313965,131.005,27.455000000000002,128.915,28.975,131.005,137.37
471,830891,fitts,touchpad,110.2,3.7958592832197744,8.55,1.2968838214874268,112.48,137.655,111.72,136.99,128.915,28.975
472,830891,fitts,touchpad,110.2,3.7958592832197744,8.55,1.230290174484253,144.115,32.015,143.545,34.105,111.72,136.99
473,830891,fitts,touchpad,110.2,3.7958592832197744,8.55,1.1740331649780273,95.95,133.095,94.62,132.24,143.545,34.105
474,830891,fitts,touchpad,110.2,3.7958592832197744,8.55,1.2005014419555664,156.465,41.42,155.325,43.605000000000004,94.62,132.24
475,830891,fitts,touchpad,110.2,3.7958592832197744,8.55,1.72617506980896,80.56,124.165,79.515,122.55,155.325,43.605000000000004
476,830891,fitts,touchpad,110.2,3.7958592832197744,8.55,1.1504929065704346,165.49,54.055,164.16,55.29,79.515,122.55
477,830891,fitts,touchpad,110.2,3.7958592832197744,8.55,1.2757036685943604,68.97,110.2,69.54,110.77,164.16,55.29
478,830891,fitts,touchpad,110.2,3.7958592832197744,8.55,1.3694169521331787,171.855,70.68,170.05,71.155,69.54,110.77
479,830891,fitts,touchpad,110.2,3.7958592832197744,8.55,1.5368990898132324,62.89,95.57000000000001,62.985,95.38,170.05,71.155
480,830891,pvp,mouse,19.0,3.9341120643435428,1.33,2.368236780166626,110.96000000000001,85.12,110.77,84.645,129.77,86.45
481,830891,pvp,mouse,19.0,3.9341120643435428,1.33,1.8812305927276611,93.29,77.9,93.29,77.52,110.77,84.645
482,830891,pvp,mouse,19.0,3.9341120643435428,1.33,2.167268753051758,74.29,78.47,74.005,79.04,93.29,77.52
483,830891,pvp,mouse,19.0,3.9341120643435428,1.33,1.9439494609832764,72.865,97.375,72.675,97.28,74.005,79.04
484,830891,pvp,mouse,19.0,3.9341120643435428,1.33,1.4870884418487549,91.77,98.895,91.675,98.99,72.675,97.28
485,830891,pvp,mouse,19.0,3.9341120643435428,1.33,1.5373241901397705,100.225,115.805,100.13,115.33,91.675,98.99
486,830891,pvp,mouse,19.0,3.9341120643435428,1.33,1.1368749141693115,109.155,98.99,108.965,98.705,100.13,115.33
487,830891,pvp,mouse,19.0,3.9341120643435428,1.33,1.6712925434112549,111.91,80.18,111.91,79.515,108.965,98.705
488,830891,pvp,mouse,19.0,3.9341120643435428,1.33,1.552962064743042,127.3,68.97,126.825,68.875,111.91,79.61
489,830891,pvp,mouse,19.0,3.9341120643435428,1.33,1.0641160011291504,112.955,81.51,113.33500000000001,81.985,126.825,68.875
490,830891,pvp,mouse,19.0,3.9341120643435428,1.33,1.4466230869293213,108.205,63.08,107.825,63.27,113.33500000000001,81.985
491,830891,pvp,mouse,19.0,3.9341120643435428,1.33,1.5392308235168457,89.775,67.925,90.06,67.925,107.825,63.27
492,830891,pvp,mouse,19.0,3.9341120643435428,1.33,1.3334870338439941,82.365,85.405,82.175,85.31,90.06,67.925
493,830891,pvp,mouse,19.0,3.9341120643435428,1.33,1.0250465869903564,74.19500000000001,68.21,73.815,68.115,82.175,85.31
494,830891,pvp,mouse,19.0,3.9341120643435428,1.33,1.0320026874542236,55.86,62.89,55.955,62.89,73.815,68.115
495,830891,pvp,mouse,19.0,3.9341120643435428,1.33,1.392530918121338,74.67,60.8,74.29,61.18,55.955,62.89
496,830891,pvp,mouse,19.0,3.9341120643435428,1.33,1.9922785758972168,78.565,79.325,78.66,79.04,74.29,61.18
497,830891,pvp,mouse,19.0,3.9341120643435428,1.33,1.7767693996429443,93.19500000000001,91.295,93.385,91.295,78.66,79.04
498,830891,pvp,mouse,19.0,3.9341120643435428,1.33,1.1340696811676025,78.28,79.515,77.805,79.325,93.385,91.295
499,830891,pvp,mouse,19.0,3.9341120643435428,1.33,1.5368022918701172,85.215,61.75,85.31,61.18,77.805,79.325
500,830891,pvp,mouse,110.2,6.389861771052448,1.33,1.7989482879638672,228.76,37.81,229.04500000000002,38.19,129.96,86.545
501,830891,pvp,mouse,110.2,6.389861771052448,1.33,1.671570062637329,122.17,9.5,122.55,9.025,229.04500000000002,38.19
502,830891,pvp,mouse,110.2,6.389861771052448,1.33,1.4742329120635986,231.23,24.89,231.135,24.7,122.55,9.025
503,830891,pvp,mouse,110.2,6.389861771052448,1.33,1.2064151763916016,221.73,134.615,222.01500000000001,134.235,231.135,24.7
504,830891,pvp,mouse,110.2,6.389861771052448,1.33,1.5891838073730469,111.53,132.145,111.72,131.86,222.01500000000001,134.235
505,830891,pvp,mouse,110.2,6.389861771052448,1.33,1.4400992393493652,146.3,27.55,146.585,27.265,111.72,131.86
506,830891,pvp,mouse,110.2,6.389861771052448,1.33,1.2393512725830078,237.595,89.11,238.07,89.395,146.585,27.265
507,830891,pvp,mouse,110.2,6.389861771052448,1.33,1.3851737976074219,132.43,122.075,131.86,121.885,238.07,89.395
508,830891,pvp,mouse,110.2,6.389861771052448,1.33,2.024160623550415,23.655,140.03,23.56,140.22,131.86,121.885
509,830891,pvp,mouse,110.2,6.389861771052448,1.33,1.1435565948486328,19.0,29.925,18.62,30.21,23.56,140.22
510,830891,pvp,mouse,110.2,6.389861771052448,1.33,1.4252922534942627,129.105,28.595,129.58,28.215,18.62,30.21
511,830891,pvp,mouse,110.2,6.389861771052448,1.33,1.9436023235321045,234.84,59.28,235.03,59.660000000000004,129.58,28.215
512,830891,pvp,mouse,110.2,6.389861771052448,1.33,2.264237880706787,131.955,98.895,132.05,98.8,235.03,59.660000000000004
513,830891,pvp,mouse,110.2,6.389861771052448,1.33,1.7918996810913086,39.045,158.175,39.14,158.555,132.05,98.8
514,830891,pvp,mouse,110.2,6.389861771052448,1.33,1.264967441558838,51.965,48.735,51.585,48.64,39.14,158.555
515,830891,pvp,mouse,110.2,6.389861771052448,1.33,1.3758862018585205,97.755,148.865,97.565,149.055,51.585,48.64
516,830891,pvp,mouse,110.2,6.389861771052448,1.33,1.160344123840332,21.755,68.97,21.47,68.685,97.565,149.055
517,830891,pvp,mouse,110.2,6.389861771052448,1.33,1.7748048305511475,125.78,32.775,125.495,32.965,21.47,68.685
518,830891,pvp,mouse,110.2,6.389861771052448,1.33,1.393322467803955,29.545,86.545,29.925,86.735,125.495,32.965
519,830891,pvp,mouse,110.2,6.389861771052448,1.33,2.743922472000122,118.465,21.47,118.18,21.565,29.925,86.735
520,830891,pvp,mouse,87.4,6.0599238176520585,1.33,1.8720977306365967,80.08500000000001,158.365,80.275,158.365,129.58,86.83
521,830891,pvp,mouse,87.4,6.0599238176520585,1.33,1.2316358089447021,8.455,108.11,8.265,108.015,80.275,158.365
522,830891,pvp,mouse,87.4,6.0599238176520585,1.33,1.5853636264801025,10.925,20.71,10.83,20.615000000000002,8.265,108.015
523,830891,pvp,mouse,87.4,6.0599238176520585,1.33,1.1445014476776123,94.05,47.5,94.43,47.405,10.83,20.615000000000002
524,830891,pvp,mouse,87.4,6.0599238176520585,1.33,1.3515675067901611,180.975,56.24,181.26,56.335,94.43,47.405
525,830891,pvp,mouse,87.4,6.0599238176520585,1.33,1.7523345947265625,230.945,127.87,231.04,127.775,181.26,56.335
526,830891,pvp,mouse,87.4,6.0599238176520585,1.33,1.1197354793548584,149.625,95.665,149.245,95.665,231.04,127.775
527,830891,pvp,mouse,87.4,6.0599238176520585,1.33,2.032500982284546,181.26,14.155,181.54500000000002,13.965,149.245,95.665
528,830891,pvp,mouse,87.4,6.0599238176520585,1.33,1.9759635925292969,240.825,78.09,240.445,78.28,181.54500000000002,13.965
529,830891,pvp,mouse,87.4,6.0599238176520585,1.33,1.257246494293213,169.195,128.25,169.385,128.06,240.445,78.28
530,830891,pvp,mouse,87.4,6.0599238176520585,1.33,1.5509016513824463,82.08,135.565,81.795,135.565,169.48,128.06
531,830891,pvp,mouse,87.4,6.0599238176520585,1.33,1.1679387092590332,31.445,64.22,31.635,64.69500000000001,81.795,135.565
532,830891,pvp,mouse,87.4,6.0599238176520585,1.33,1.7378661632537842,116.66,44.84,116.375,45.22,31.635,64.69500000000001
533,830891,pvp,mouse,87.4,6.0599238176520585,1.33,3.0872087478637695,198.36,13.870000000000001,198.645,13.775,116.375,45.22
534,830891,pvp,mouse,87.4,6.0599238176520585,1.33,1.1689064502716064,232.085,94.43,231.61,94.05,198.645,13.775
535,830891,pvp,mouse,87.4,6.0599238176520585,1.33,1.495157241821289,150.385,63.175000000000004,150.1,63.175000000000004,231.61,94.05
536,830891,pvp,mouse,87.4,6.0599238176520585,1.33,1.3767569065093994,236.455,78.28,236.17000000000002,78.185,150.195,63.08
537,830891,pvp,mouse,87.4,6.0599238176520585,1.33,1.9200360774993896,244.245,165.3,244.245,164.92000000000002,236.17000000000002,78.185
538,830891,pvp,mouse,87.4,6.0599238176520585,1.33,1.9131560325622559,164.065,130.245,164.255,130.055,244.245,164.92000000000002
539,830891,pvp,mouse,87.4,6.0599238176520585,1.33,2.766613006591797,76.665,129.77,76.665,130.055,164.255,130.055
540,830891,pvp,mouse,133.0,6.6582114827517955,1.33,1.6016035079956055,4.465,42.37,4.275,42.275,129.96,86.355
541,830891,pvp,mouse,133.0,6.6582114827517955,1.33,1.6886351108551025,137.37,44.175,137.085,44.46,4.275,42.275
542,830891,pvp,mouse,133.0,6.6582114827517955,1.33,1.7512478828430176,63.65,154.85,63.65,154.375,137.085,44.46
543,830891,pvp,mouse,133.0,6.6582114827517955,1.33,1.5927870273590088,58.71,21.85,59.28,21.565,63.65,154.375
544,830891,pvp,mouse,133.0,6.6582114827517955,1.33,3.5085601806640625,189.62,44.935,189.81,44.555,59.28,21.565
545,830891,pvp,mouse,133.0,6.6582114827517955,1.33,2.247317314147949,58.52,22.23,58.33,22.325,189.81,44.555
546,830891,pvp,mouse,133.0,6.6582114827517955,1.33,2.5863358974456787,178.125,80.18,178.505,80.18,58.33,22.325
547,830891,pvp,mouse,133.0,6.6582114827517955,1.33,1.9437336921691895,74.29,163.305,74.19500000000001,162.925,178.505,80.18
548,830891,pvp,mouse,133.0,6.6582114827517955,1.33,1.5105741024017334,72.77,30.305,72.675,30.59,74.19500000000001,162.925
549,830891,pvp,mouse,133.0,6.6582114827517955,1.33,2.089851140975952,174.23,116.185,174.23,115.995,72.675,30.59
550,830891,pvp,mouse,133.0,6.6582114827517955,1.33,2.727297306060791,42.275,133.475,42.18,133.475,174.23,115.995
551,830891,pvp,mouse,133.0,6.6582114827517955,1.33,1.708970546722412,173.755,153.14000000000001,173.28,152.855,42.18,133.475
552,830891,pvp,mouse,133.0,6.6582114827517955,1.33,1.6723682880401611,195.7,21.945,196.27,22.04,173.28,152.855
553,830891,pvp,mouse,133.0,6.6582114827517955,1.33,1.882904291152954,203.395,154.66,203.585,154.66,196.27,22.04
554,830891,pvp,mouse,133.0,6.6582114827517955,1.33,1.3587305545806885,77.71000000000001,110.865,77.805,110.39,203.585,154.66
555,830891,pvp,mouse,133.0,6.6582114827517955,1.33,1.536402702331543,192.66,43.89,192.28,44.08,77.805,110.39
556,830891,pvp,mouse,133.0,6.6582114827517955,1.33,2.555210828781128,102.125,141.36,102.41,141.075,192.28,44.08
557,830891,pvp,mouse,133.0,6.6582114827517955,1.33,2.0622336864471436,68.685,12.540000000000001,68.78,12.92,102.41,141.075
558,830891,pvp,mouse,133.0,6.6582114827517955,1.33,1.4585151672363281,198.55,41.230000000000004,198.55,41.230000000000004,68.78,12.92
559,830891,pvp,mouse,133.0,6.6582114827517955,1.33,2.102138042449951,234.84,169.1,235.22,168.815,198.55,41.230000000000004
560,830891,pvp,mouse,41.8,5.01919356523331,1.33,2.087674617767334,163.02,112.1,163.02,111.815,130.15,86.45
561,830891,pvp,mouse,41.8,5.01919356523331,1.33,1.4968421459197998,144.78,74.385,144.59,74.575,163.02,111.815
562,830891,pvp,mouse,41.8,5.01919356523331,1.33,3.264566659927368,138.32,115.615,137.845,115.71000000000001,144.59,74.575
563,830891,pvp,mouse,41.8,5.01919356523331,1.33,2.08038592338562,96.805,120.935,97.09,121.03,137.845,115.71000000000001
564,830891,pvp,mouse,41.8,5.01919356523331,1.33,1.5916032791137695,131.005,144.78,131.1,145.35,97.09,121.03
565,830891,pvp,mouse,41.8,5.01919356523331,1.33,1.3914976119995117,157.51,112.48,157.7,112.005,131.1,145.35
566,830891,pvp,mouse,41.8,5.01919356523331,1.33,1.4086205959320068,172.9,73.625,172.9,73.815,157.7,112.005
567,830891,pvp,mouse,41.8,5.01919356523331,1.33,1.0404236316680908,167.675,115.045,167.485,115.235,172.9,73.815
568,830891,pvp,mouse,41.8,5.01919356523331,1.33,1.567899227142334,205.29500000000002,133.19,205.01,133.19,167.485,115.235
569,830891,pvp,mouse,41.8,5.01919356523331,1.33,1.2702226638793945,165.3,120.935,165.3,120.745,205.01,133.19
570,830891,pvp,mouse,41.8,5.01919356523331,1.33,1.3544666767120361,161.785,162.54500000000002,161.785,162.07,165.3,120.65
571,830891,pvp,mouse,41.8,5.01919356523331,1.33,1.0719022750854492,147.345,123.215,147.915,123.12,161.785,162.07
572,830891,pvp,mouse,41.8,5.01919356523331,1.33,1.2326960563659668,128.82,85.69,128.345,85.88,147.915,123.12
573,830891,pvp,mouse,41.8,5.01919356523331,1.33,1.4793198108673096,167.77,70.49,167.39000000000001,70.87,128.345,85.785
574,830891,pvp,mouse,41.8,5.01919356523331,1.33,1.4468135833740234,183.825,31.92,183.825,31.635,167.39000000000001,70.87
575,830891,pvp,mouse,41.8,5.01919356523331,1.33,1.031522274017334,142.215,36.480000000000004,141.835,36.955,183.825,31.635
576,830891,pvp,mouse,41.8,5.01919356523331,1.33,2.2807435989379883,178.695,16.055,178.505,15.675,141.835,36.955
577,830891,pvp,mouse,41.8,5.01919356523331,1.33,1.2756853103637695,192.565,55.385,192.565,55.385,178.505,15.675
578,830891,pvp,mouse,41.8,5.01919356523331,1.33,1.5599708557128906,225.625,80.845,225.53,80.845,192.565,55.385
579,830891,pvp,mouse,41.8,5.01919356523331,1.33,1.1324048042297363,185.82,93.86,185.63,93.67,225.53,80.845
580,830891,pvp,mouse,64.6,5.631436930520657,1.33,0.9532618522644043,183.16,123.215,183.54,123.025,130.53,86.545
581,830891,pvp,mouse,64.6,5.631436930520657,1.33,1.5996861457824707,232.18,81.225,232.37,81.32000000000001,183.54,123.025
582,830891,pvp,mouse,64.6,5.631436930520657,1.33,1.240192174911499,244.91,144.495,244.91,144.4,232.37,81.32000000000001
583,830891,pvp,mouse,64.6,5.631436930520657,1.33,0.8800482749938965,203.11,95.19,202.54,95.095,244.91,144.4
584,830891,pvp,mouse,64.6,5.631436930520657,1.33,1.2645671367645264,232.18,37.525,231.99,37.43,202.54,95.095
585,830891,pvp,mouse,64.6,5.631436930520657,1.33,2.530435085296631,193.99,89.68,193.895,89.775,232.085,37.335
586,830891,pvp,mouse,64.6,5.631436930520657,1.33,1.150695562362671,151.335,41.04,151.525,40.755,193.895,89.775
587,830891,pvp,mouse,64.6,5.631436930520657,1.33,2.541013479232788,205.01,5.13,204.535,5.32,151.525,40.755
588,830891,pvp,mouse,64.6,5.631436930520657,1.33,1.3437907695770264,255.36,45.505,255.55,45.410000000000004,204.535,5.32
589,830891,pvp,mouse,64.6,5.631436930520657,1.33,1.2896313667297363,237.785,107.635,237.975,107.825,255.55,45.410000000000004
590,830891,pvp,mouse,64.6,5.631436930520657,1.33,1.2803130149841309,206.245,51.205,205.96,50.635,237.975,107.825
591,830891,pvp,mouse,64.6,5.631436930520657,1.33,0.9673287868499756,249.375,99.275,249.66,99.655,206.055,50.635
592,830891,pvp,mouse,64.6,5.631436930520657,1.33,3.3363430500030518,225.72,159.315,226.005,159.315,249.66,99.655
593,830891,pvp,mouse,64.6,5.631436930520657,1.33,1.006678819656372,161.31,153.615,161.12,153.33,226.005,159.22
594,830891,pvp,mouse,64.6,5.631436930520657,1.33,1.8479938507080078,171.95,89.87,172.235,89.395,161.12,153.33
595,830891,pvp,mouse,64.6,5.631436930520657,1.33,1.0971267223358154,229.995,118.08500000000001,230.185,118.56,172.235,89.395
596,830891,pvp,mouse,64.6,5.631436930520657,1.33,1.535834789276123,174.51500000000001,151.24,174.325,151.335,230.185,118.56
597,830891,pvp,mouse,64.6,5.631436930520657,1.33,1.4328482151031494,216.695,102.315,216.22,101.935,174.325,151.335
598,830891,pvp,mouse,64.6,5.631436930520657,1.33,1.200103759765625,239.685,162.64000000000001,239.4,162.355,216.22,101.935
599,830891,pvp,mouse,64.6,5.631436930520657,1.33,1.3763742446899414,176.79500000000002,147.535,176.415,147.725,239.4,162.355
600,830891,fitts,controller,110.2,3.7958592832197744,8.55,2.392240524291992,75.14305635662738,95.50603286055417,74.6019582096648,98.2783844695483,184.77305635662736,87.33603286055417
601,830891,fitts,controller,110.2,3.7958592832197744,8.55,2.984746217727661,181.7619582096648,73.8633844695483,182.94939667488097,73.26785117407984,74.6019582096648,98.2783844695483
602,830891,fitts,controller,110.2,3.7958592832197744,8.55,3.172180414199829,80.63439667488097,113.35785117407983,78.79109450449117,114.67932491142905,182.94939667488097,73.26785117407984
603,830891,fitts,controller,110.2,3.7958592832197744,8.55,2.431076765060425,173.98109450449118,59.75216658881854,175.5282783025127,58.96198625339335,78.79109450449117,114.60164240199354
604,830891,fitts,controller,110.2,3.7958592832197744,8.55,2.542374610900879,89.55327830251268,127.45698625339335,88.40612543321699,124.59190240325107,175.5282783025127,58.96198625339335
605,830891,fitts,controller,110.2,3.7958592832197744,8.55,1.6876935958862305,163.17112543321701,44.031902403251074,163.96569027931753,45.07178239270516,88.40612543321699,124.59190240325107
606,830891,fitts,controller,110.2,3.7958592832197744,8.55,3.021449089050293,102.12069027931751,135.89178239270515,100.17152530414916,136.55125432800278,163.96569027931753,45.07178239270516
607,830891,fitts,controller,110.2,3.7958592832197744,8.55,3.1511030197143555,147.76652530414916,37.56125432800278,146.09237279276815,37.87682401529024,100.17152530414916,136.55125432800278
608,830891,fitts,controller,110.2,3.7958592832197744,8.55,2.047126054763794,113.69737279276814,142.85182401529025,112.60420245444223,140.71493323161397,146.09237279276815,37.87682401529024
609,830891,fitts,controller,110.2,3.7958592832197744,8.55,2.7218689918518066,129.03920245444223,32.03493323161398,129.59207785959146,33.4145167770702,112.60420245444223,140.71493323161397
610,830891,fitts,controller,110.2,3.7958592832197744,8.55,1.8746368885040283,129.59207785959146,143.32951677707018,131.40967977975936,145.34135642207767,129.59207785959146,33.4145167770702
611,830891,fitts,controller,110.2,3.7958592832197744,8.55,2.536578416824341,114.97467977975936,36.661356422077674,113.65539538901044,35.781699288420306,131.40967977975936,145.34135642207767
612,830891,fitts,controller,110.2,3.7958592832197744,8.55,2.647090435028076,146.05039538901045,140.7566992884203,145.84197278148906,140.0097462806154,113.65539538901044,35.781699288420306
613,830891,fitts,controller,110.2,3.7958592832197744,8.55,2.730703592300415,98.24697278148908,41.0197462806154,91.34764014171007,39.43762497315195,145.84197278148906,140.0097462806154
614,830891,fitts,controller,110.2,3.7958592832197744,8.55,2.188793420791626,153.1926401417101,130.25762497315193,153.23804299082545,129.58875977887362,91.34764014171007,39.43762497315195
615,830891,fitts,controller,110.2,3.7958592832197744,8.55,1.3661541938781738,78.47304299082542,49.028759778873635,80.47361311626597,50.13611509600787,153.23804299082545,129.58875977887362
616,830891,fitts,controller,110.2,3.7958592832197744,8.55,2.781780242919922,166.44861311626596,118.63111509600783,165.93843576258746,118.81538364722749,80.47361311626597,50.13611509600787
617,830891,fitts,controller,110.2,3.7958592832197744,8.55,1.792367696762085,70.74843576258746,63.90538364722753,71.4701701126229,60.883973228080094,165.93843576258746,118.81538364722749
618,830891,fitts,controller,110.2,3.7958592832197744,8.55,2.061795473098755,173.7851701126229,100.97397322808007,173.81374845531172,100.63665812648735,71.4701701126229,60.883973228080094
619,830891,fitts,controller,110.2,3.7958592832197744,8.55,3.0073297023773193,66.65374845531173,76.22165812648738,65.43617851101197,76.80818358843241,173.81374845531172,100.63665812648735
620,830891,fitts,controller,133.0,6.6582114827517955,1.33,2.693464994430542,64.0663451502167,75.73468066766316,64.94186155049172,75.63687403668277,196.4013451502167,85.70968066766315
621,830891,fitts,controller,133.0,6.6582114827517955,1.33,4.4163596630096436,194.2368615504917,105.18187403668277,193.703852896343,104.31326452722907,64.94186155049172,75.63687403668277
622,830891,fitts,controller,133.0,6.6582114827517955,1.33,11.468719959259033,70.29885289634299,55.86326452722906,70.7969601485088,54.97233124587837,193.703852896343,104.31326452722907
623,830891,fitts,controller,133.0,6.6582114827517955,1.33,3.329439401626587,185.6519601485088,121.28233124587838,186.09312775560343,120.30541618354232,70.7969601485088,54.97233124587837
624,830891,fitts,controller,133.0,6.6582114827517955,1.33,3.0152695178985596,82.35312775560344,37.56041618354232,82.07841717651533,37.98183429054905,186.09312775560343,120.30541618354232
625,830891,fitts,controller,133.0,6.6582114827517955,1.33,1.522472620010376,172.32841717651533,135.26183429054905,172.0042026006359,135.7085067112189,82.07841717651533,37.98183429054905
626,830891,fitts,controller,133.0,6.6582114827517955,1.33,0.3758842945098877,97.33420260063589,26.0785067112189,151.84885570891242,84.67127868893883,172.0042026006359,135.7085067112189
627,830891,fitts,controller,133.0,6.6582114827517955,1.33,2.677000045776367,209.12313664506138,203.61127868893882,238.40901827821995,170.81413425524815,150.85096165696123,81.82127868893883
628,830891,fitts,controller,133.0,6.6582114827517955,1.33,3.3153116703033447,199.36401827821996,44.08413425524818,198.8404985515558,44.36344390251077,238.40901827821995,170.81413425524815
629,830891,fitts,controller,133.0,6.6582114827517955,1.33,3.0968801975250244,218.6004985515558,175.55844390251076,150.86229463237626,135.16238890789305,198.8404985515558,44.36344390251077
630,830891,fitts,controller,133.0,6.6582114827517955,1.33,6.254953622817993,150.86229463237626,2.447388907893051,150.895030467604,2.428984826686306,150.86229463237626,135.16238890789305
631,830891,fitts,controller,133.0,6.6582114827517955,1.33,2.497596502304077,131.135030467604,133.62398482668627,130.5796157351754,134.4301580457968,150.895030467604,2.428984826686306
632,830891,fitts,controller,133.0,6.6582114827517955,1.33,4.784300804138184,169.62461573517538,7.7001580457968055,169.7828230687039,8.116785667762736,130.5796157351754,134.4301580457968
633,830891,fitts,controller,133.0,6.6582114827517955,1.33,3.25508713722229,112.30782306870388,127.6267856677627,111.7710092804511,127.75431895833368,169.7828230687039,8.116785667762736
634,830891,fitts,controller,133.0,6.6582114827517955,1.33,3.915048837661743,186.44100928045108,18.12431895833371,186.3948280699706,17.29915136369234,111.7710092804511,127.75431895833368
635,830891,fitts,controller,133.0,6.6582114827517955,1.33,4.125044822692871,96.1448280699706,114.57915136369233,95.96192985493592,113.84482040866797,186.3948280699706,17.29915136369234
636,830891,fitts,controller,133.0,6.6582114827517955,1.33,4.928682327270508,199.70192985493597,31.099820408667984,200.0622578051347,30.636025813687866,95.96192985493592,113.84482040866797
637,830891,fitts,controller,133.0,6.6582114827517955,1.33,3.2013497352600098,85.20725780513463,96.94602581368785,84.42658394918433,96.38541445750631,200.0622578051347,30.636025813687866
638,830891,fitts,controller,133.0,6.6582114827517955,1.33,8.129337310791016,207.83158394918436,47.935414457506326,208.19343602326572,47.21455735839684,84.42658394918433,96.38541445750631
639,830891,fitts,controller,133.0,6.6582114827517955,1.33,2.7160885334014893,78.89843602326567,76.75955735839683,79.63174773090125,76.18605385224497,208.19343602326572,47.21455735839684
640,830891,fitts,controller,19.0,1.3856536924977498,11.78,0.8923931121826172,118.1183010338159,83.93443176486186,117.88357781566737,82.85691961342526,137.0233010338159,82.60443176486186
641,830891,fitts,controller,19.0,1.3856536924977498,11.78,0.8462803363800049,136.31357781566737,78.67691961342526,140.4972260092981,79.78697790630058,117.88357781566737,82.85691961342526
642,830891,fitts,controller,19.0,1.3856536924977498,11.78,2.385725736618042,122.8272260092981,86.72197790630058,122.17792980878625,83.71645930874796,140.4972260092981,79.78697790630058
643,830891,fitts,controller,19.0,1.3856536924977498,11.78,1.4933552742004395,138.61292980878625,74.21645930874796,134.90220803705267,75.22559730627066,122.17792980878625,83.71645930874796
644,830891,fitts,controller,19.0,1.3856536924977498,11.78,1.5507023334503174,120.08220803705267,87.10059730627066,123.06072254573976,87.52667692937042,134.90220803705267,75.22559730627066
645,830891,fitts,controller,19.0,1.3856536924977498,11.78,1.0960938930511475,135.98072254573978,73.56167692937042,135.35445701923544,73.7616554101574,123.06072254573976,87.52667692937042
646,830891,fitts,controller,19.0,1.3856536924977498,11.78,1.919337511062622,124.71445701923545,89.43665541015741,122.80514787276292,89.5871222981383,135.35445701923544,73.7616554101574
647,830891,fitts,controller,19.0,1.3856536924977498,11.78,2.558579683303833,130.9751478727629,72.48712229813829,127.77449395233224,69.58675960774924,122.80514787276292,89.5871222981383
648,830891,fitts,controller,19.0,1.3856536924977498,11.78,1.6712195873260498,122.16949395233223,87.73175960774925,122.0346849241166,89.63473379822996,127.77449395233224,69.58675960774924
649,830891,fitts,controller,19.0,1.3856536924977498,11.78,1.365473747253418,124.88468492411661,70.91973379822996,122.27151639163407,68.72361006706184,122.0346849241166,89.63473379822996
650,830891,fitts,controller,19.0,1.3856536924977498,11.78,1.2682335376739502,122.27151639163407,87.62861006706184,124.1030505276986,84.26094606181118,122.27151639163407,68.72361006706184
651,830891,fitts,controller,19.0,1.3856536924977498,11.78,1.132434606552124,121.2530505276986,65.54594606181118,122.96391963614192,59.332926300730335,124.1030505276986,84.26094606181118
652,830891,fitts,controller,19.0,1.3856536924977498,11.78,1.4913551807403564,128.5689196361419,77.47792630073033,132.55012379355267,77.3359059706155,122.96391963614192,59.332926300730335
653,830891,fitts,controller,19.0,1.3856536924977498,11.78,2.3187761306762695,124.38012379355268,60.235905970615505,124.34451536282563,61.02221493748297,132.55012379355267,77.3359059706155
654,830891,fitts,controller,19.0,1.3856536924977498,11.78,1.9262378215789795,134.98451536282562,76.69721493748297,134.56166644182338,75.00392853461014,124.34451536282563,61.02221493748297
655,830891,fitts,controller,19.0,1.3856536924977498,11.78,2.3488714694976807,121.64166644182338,61.03892853461014,123.74470726294423,62.93218012488841,134.56166644182338,75.00392853461014
656,830891,fitts,controller,19.0,1.3856536924977498,11.78,1.4623150825500488,138.56470726294424,74.80718012488842,135.20107654858447,71.85519776073305,123.74470726294423,62.93218012488841
657,830891,fitts,controller,19.0,1.3856536924977498,11.78,1.6870639324188232,118.76607654858448,62.35519776073305,115.14490815078314,62.46977767701024,135.20107654858447,71.85519776073305
658,830891,fitts,controller,19.0,1.3856536924977498,11.78,2.6558220386505127,132.81490815078314,69.40477767701024,135.75490556315106,69.14758963464725,115.14490815078314,62.46977767701024
659,830891,fitts,controller,19.0,1.3856536924977498,11.78,1.6192328929901123,117.32490556315105,64.96758963464724,118.15145890421351,67.0486314162199,135.75490556315106,69.14758963464725
660,830891,fitts,controller,87.4,4.655954332292595,3.61,3.009171724319458,86.18790271288937,78.67315818585203,86.36680279730612,78.87134456390214,173.11290271288937,85.22815818585204
661,830891,fitts,controller,87.4,4.655954332292595,3.61,3.779899835586548,171.29680279730613,98.25134456390214,171.58180049924985,97.31942434193299,86.36680279730612,78.87134456390214
662,830891,fitts,controller,87.4,4.655954332292595,3.61,2.8050589561462402,90.45180049924984,65.494424341933,90.23100679571598,64.82202070756436,171.58180049924985,97.31942434193299
663,830891,fitts,controller,87.4,4.655954332292595,3.61,4.267788410186768,165.756006795716,108.42702070756435,164.68968035159386,107.61199682146666,90.23100679571598,64.82202070756436
664,830891,fitts,controller,87.4,4.655954332292595,3.61,3.832385540008545,96.47968035159386,53.27199682146667,96.66463813292098,51.786555613358175,164.68968035159386,107.61199682146666
665,830891,fitts,controller,87.4,4.655954332292595,3.61,2.4672091007232666,155.94463813292097,115.62655561335815,156.6607926071038,115.24541596499773,96.66463813292098,51.786555613358175
666,830891,fitts,controller,87.4,4.655954332292595,3.61,3.148470163345337,107.64079260710378,43.235415964997756,107.28300485044318,43.01251635135501,156.6607926071038,115.24541596499773
667,830891,fitts,controller,87.4,4.655954332292595,3.61,2.1456940174102783,145.09300485044318,121.57751635135497,145.35473633089862,121.17490887000527,107.28300485044318,43.01251635135501
668,830891,fitts,controller,87.4,4.655954332292595,3.61,4.860475301742554,119.60973633089861,37.859908870005306,119.63266660746686,38.22573876658246,145.35473633089862,121.17490887000527
669,830891,fitts,controller,87.4,4.655954332292595,3.61,4.582141399383545,132.64766660746685,124.39073876658243,132.23152901914992,124.04886995514913,119.63266660746686,38.22573876658246
670,830891,fitts,controller,87.4,4.655954332292595,3.61,3.180018424987793,132.23152901914992,36.93386995514915,131.98914072895448,35.555444491638625,132.23152901914992,124.04886995514913
671,830891,fitts,controller,87.4,4.655954332292595,3.61,3.443169593811035,118.97414072895448,121.7204444916386,118.51552759974128,121.59825682555251,131.98914072895448,35.555444491638625
672,830891,fitts,controller,87.4,4.655954332292595,3.61,5.19708776473999,144.26052759974127,38.28325682555255,143.5276389315243,37.18913342699365,118.51552759974128,121.59825682555251
673,830891,fitts,controller,87.4,4.655954332292595,3.61,4.860013484954834,105.71763893152432,115.7541334269936,104.28546009028275,115.59298759516571,143.5276389315243,37.18913342699365
674,830891,fitts,controller,87.4,4.655954332292595,3.61,5.205775022506714,153.30546009028276,43.582987595165754,153.26470807463343,43.83017999105081,104.28546009028275,115.59298759516571
675,830891,fitts,controller,87.4,4.655954332292595,3.61,2.593348741531372,93.98470807463342,107.67017999105077,93.75504437314895,107.23053765862971,153.26470807463343,43.83017999105081
676,830891,fitts,controller,87.4,4.655954332292595,3.61,5.66365647315979,161.96504437314897,52.89053765862973,161.32436706257002,51.3871288477179,93.75504437314895,107.23053765862971
677,830891,fitts,controller,87.4,4.655954332292595,3.61,3.5845417976379395,85.79936706256998,94.99212884771788,85.08713027499358,94.5131539621189,161.32436706257002,51.3871288477179
678,830891,fitts,controller,87.4,4.655954332292595,3.61,3.1882500648498535,166.2171302749936,62.688153962118925,165.31332097487422,62.281262802965216,85.08713027499358,94.5131539621189
679,830891,fitts,controller,87.4,4.655954332292595,3.61,4.4101386070251465,80.3833209748742,81.66126280296521,79.82607437723676,81.43421467282394,165.31332097487422,62.281262802965216
680,830891,fitts,controller,64.6,5.27715822476734,1.71,2.872997283935547,96.56432802681373,91.7180230514133,97.34290041668136,90.84059295772259,160.87932802681374,86.9680230514133
681,830891,fitts,controller,64.6,5.27715822476734,1.71,6.323802947998047,160.13790041668136,76.4955929577226,160.76607839881422,75.35822671007618,97.34290041668136,90.84059295772259
682,830891,fitts,controller,64.6,5.27715822476734,1.71,2.5349056720733643,100.82107839881422,98.91822671007617,100.59671757436304,98.03368361240058,160.76607839881422,75.35822671007618
683,830891,fitts,controller,64.6,5.27715822476734,1.71,3.8158180713653564,156.36171757436304,65.82868361240058,156.29923353837498,66.5082377065516,100.59671757436304,98.03368361240058
684,830891,fitts,controller,64.6,5.27715822476734,1.71,5.160060882568359,105.94923353837497,106.6932377065516,105.80823137465727,106.97000150419137,156.29923353837498,66.5082377065516
685,830891,fitts,controller,64.6,5.27715822476734,1.71,3.5333456993103027,149.60323137465727,59.75500150419137,149.4598281096416,60.14831455923405,105.80823137465727,106.97000150419137
686,830891,fitts,controller,64.6,5.27715822476734,1.71,6.705426216125488,113.26482810964157,113.34831455923405,112.90589524444258,113.40596206526432,149.4598281096416,60.14831455923405
687,830891,fitts,controller,64.6,5.27715822476734,1.71,4.582955837249756,140.83589524444258,55.36096206526431,141.0179316552551,54.97070357457498,112.90589524444258,113.40596206526432
688,830891,fitts,controller,64.6,5.27715822476734,1.71,2.8792991638183594,122.0179316552551,116.530703574575,122.78312848145715,116.70263931686458,141.0179316552551,54.97070357457498
689,830891,fitts,controller,64.6,5.27715822476734,1.71,2.2578909397125244,132.37812848145714,52.957639316864565,132.76713110969914,51.75174160654758,122.78312848145715,116.70263931686458
690,830891,fitts,controller,64.6,5.27715822476734,1.71,5.4432532787323,132.76713110969914,116.25674160654758,133.45012203387333,115.63767508846796,132.76713110969914,51.75174160654758
691,830891,fitts,controller,64.6,5.27715822476734,1.71,2.3404929637908936,123.85512203387333,51.89267508846796,124.13591052362827,51.522872784087106,133.45012203387333,115.63767508846796
692,830891,fitts,controller,64.6,5.27715822476734,1.71,6.098189115524292,143.13591052362827,113.0828727840871,143.27820577067754,112.92953881459454,124.13591052362827,51.522872784087106
693,830891,fitts,controller,64.6,5.27715822476734,1.71,6.660867691040039,115.34820577067754,54.88453881459454,114.93971094887212,55.340257592224084,143.27820577067754,112.92953881459454
694,830891,fitts,controller,64.6,5.27715822476734,1.71,3.9362118244171143,151.1347109488721,108.54025759222408,150.5799654330588,108.93450554481927,114.93971094887212,55.340257592224084
695,830891,fitts,controller,64.6,5.27715822476734,1.71,2.5211308002471924,106.78496543305879,61.71950554481927,106.27264570221402,62.22160187078932,150.5799654330588,108.93450554481927
696,830891,fitts,controller,64.6,5.27715822476734,1.71,2.414464235305786,156.62264570221402,102.40660187078932,155.82039118953207,102.74397479465699,106.27264570221402,62.22160187078932
697,830891,fitts,controller,64.6,5.27715822476734,1.71,2.550351858139038,100.05539118953207,70.538974794657,100.16386951084066,70.51351663233321,155.82039118953207,102.74397479465699
698,830891,fitts,controller,64.6,5.27715822476734,1.71,5.766712427139282,160.10886951084066,94.07351663233321,159.65763310039952,93.19770648169046,100.16386951084066,70.51351663233321
699,830891,fitts,controller,64.6,5.27715822476734,1.71,3.366670846939087,96.86263310039952,78.85270648169046,97.17704333270694,78.82316108182079,159.65763310039952,93.19770648169046
700,830891,fitts,controller,41.8,2.938599455335857,6.2700000000000005,1.8605372905731201,110.53739458590154,82.9212418246331,109.82659528634387,82.07022350193746,152.14739458590154,86.0562418246331
701,830891,fitts,controller,41.8,2.938599455335857,6.2700000000000005,2.1139705181121826,150.48659528634388,91.28522350193747,152.5427273441578,90.38778869517854,109.82659528634387,82.07022350193746
702,830891,fitts,controller,41.8,2.938599455335857,6.2700000000000005,3.4271843433380127,113.6877273441578,75.18778869517855,114.29300217643139,74.67663155760876,152.5427273441578,90.38778869517854
703,830891,fitts,controller,41.8,2.938599455335857,6.2700000000000005,2.1153225898742676,150.3930021764314,95.48163155760876,150.0212432114231,93.7274041640052,114.29300217643139,74.67663155760876
704,830891,fitts,controller,41.8,2.938599455335857,6.2700000000000005,3.1132590770721436,117.43624321142309,67.79240416400519,116.54456214785824,67.27268766508641,150.0212432114231,93.7274041640052
705,830891,fitts,controller,41.8,2.938599455335857,6.2700000000000005,3.1266422271728516,144.94956214785824,97.86268766508638,142.9591737383709,98.1332836670272,116.54456214785824,67.27268766508641
706,830891,fitts,controller,41.8,2.938599455335857,6.2700000000000005,2.9321446418762207,119.49417373837092,63.648283667027215,119.0896582769699,61.4866481742223,142.9591737383709,98.1332836670272
707,830891,fitts,controller,41.8,2.938599455335857,6.2700000000000005,4.5598955154418945,137.1396582769699,99.01164817422227,138.26866970768458,98.9345597332902,119.0896582769699,61.4866481742223
708,830891,fitts,controller,41.8,2.938599455335857,6.2700000000000005,2.243602991104126,126.01366970768457,59.129559733290236,124.67588867225558,57.142692467430706,138.26866970768458,98.9345597332902
709,830891,fitts,controller,41.8,2.938599455335857,6.2700000000000005,3.591219663619995,130.8508886722556,98.37269246743068,132.02878998371833,97.63346599083553,124.67588867225558,57.142692467430706
710,830891,fitts,controller,41.8,2.938599455335857,6.2700000000000005,2.7303121089935303,132.02878998371833,55.928465990835555,132.3130840589941,53.76253840851611,132.02878998371833,97.63346599083553
711,830891,fitts,controller,41.8,2.938599455335857,6.2700000000000005,6.11312198638916,126.13808405899411,94.99253840851607,125.95710625513415,92.86110301918518,132.3130840589941,53.76253840851611
712,830891,fitts,controller,41.8,2.938599455335857,6.2700000000000005,1.4849176406860352,138.21210625513413,53.05610301918521,136.76455173764336,51.31774775618149,125.95710625513415,92.86110301918518
713,830891,fitts,controller,41.8,2.938599455335857,6.2700000000000005,3.4722917079925537,118.71455173764335,88.84274775618145,118.1450648556081,87.04202399173481,136.76455173764336,51.31774775618149
714,830891,fitts,controller,41.8,2.938599455335857,6.2700000000000005,1.6875369548797607,141.6100648556081,52.557023991734845,140.6444473355754,51.230739633381546,118.1450648556081,87.04202399173481
715,830891,fitts,controller,41.8,2.938599455335857,6.2700000000000005,2.092540979385376,112.23944733557539,81.82073963338152,110.54248764021955,79.76910843858658,140.6444473355754,51.230739633381546
716,830891,fitts,controller,41.8,2.938599455335857,6.2700000000000005,2.813394784927368,143.12748764021956,53.834108438586604,143.63278984932947,51.69786934446692,110.54248764021955,79.76910843858658
717,830891,fitts,controller,41.8,2.938599455335857,6.2700000000000005,3.795018196105957,107.53278984932948,72.50286934446692,107.69775920546643,70.19111206529037,143.63278984932947,51.69786934446692
718,830891,fitts,controller,41.8,2.938599455335857,6.2700000000000005,2.190319299697876,146.55275920546643,54.99111206529037,147.7175890898303,54.51330735378515,107.69775920546643,70.19111206529037
719,830891,fitts,controller,41.8,2.938599455335857,6.2700000000000005,3.5470409393310547,107.05758908983032,63.72830735378515,104.73860586865621,61.783816301478375,147.7175890898303,54.51330735378515
